technique,technique_label,threshold,TP,FP,FN,IGNORED,GT,detections,precision,recall,sensitivity,F1,F2,fp_per_image
nms,NMS,0.9999998951737755,0,0,250,0,250,0,1.0,0.0,0.0,0.0,0.0,0.0
nms,NMS,0.9999998941737755,1,0,249,0,250,1,1.0,0.004,0.004,0.00796812749003984,0.004995004995004996,0.0
nms,NMS,0.9999979106176803,5,0,245,0,250,5,1.0,0.02,0.02,0.0392156862745098,0.02487562189054727,0.0
nms,NMS,0.9997325971131339,9,0,241,0,250,9,1.0,0.036,0.036,0.06949806949806948,0.0445986124876115,0.0
nms,NMS,0.9939008999952484,13,0,237,0,250,13,1.0,0.052,0.052,0.0988593155893536,0.06416584402764068,0.0
nms,NMS,0.9922250302021927,16,0,234,0,250,16,1.0,0.064,0.064,0.12030075187969924,0.07874015748031496,0.0
nms,NMS,0.9907860548798334,20,0,230,0,250,20,1.0,0.08,0.08,0.14814814814814814,0.09803921568627451,0.0
nms,NMS,0.9894400310871506,23,1,227,0,250,24,0.9583333333333334,0.092,0.092,0.16788321167883213,0.1123046875,0.004149377593360996
nms,NMS,0.9883910690247305,27,1,223,0,250,28,0.9642857142857143,0.108,0.108,0.19424460431654678,0.13132295719844356,0.004149377593360996
nms,NMS,0.9866137746505284,30,1,220,0,250,31,0.967741935483871,0.12,0.12,0.21352313167259784,0.1454898157129001,0.004149377593360996
nms,NMS,0.9847028111753524,34,1,216,0,250,35,0.9714285714285714,0.136,0.136,0.23859649122807017,0.1642512077294686,0.004149377593360996
nms,NMS,0.9831529876928985,37,2,213,0,250,39,0.9487179487179487,0.148,0.148,0.2560553633217993,0.178055822906641,0.008298755186721992
nms,NMS,0.9817652968438633,41,2,209,0,250,43,0.9534883720930233,0.164,0.164,0.27986348122866894,0.1965484180249281,0.008298755186721992
nms,NMS,0.980946783942409,43,4,207,0,250,47,0.9148936170212766,0.172,0.172,0.2895622895622895,0.2053486150907354,0.016597510373443983
nms,NMS,0.9783514467933456,44,6,206,1,250,51,0.88,0.176,0.176,0.2933333333333333,0.2095238095238095,0.024896265560165973
nms,NMS,0.9765353129721641,46,8,204,1,250,55,0.8518518518518519,0.184,0.184,0.3026315789473684,0.21821631878557876,0.03319502074688797
nms,NMS,0.9747376288619113,48,10,202,1,250,59,0.8275862068965517,0.192,0.192,0.3116883116883117,0.22684310018903592,0.04149377593360996
nms,NMS,0.9704293348155898,51,11,199,1,250,63,0.8225806451612904,0.204,0.204,0.32692307692307687,0.24011299435028244,0.04564315352697095
nms,NMS,0.9682972455219554,54,12,196,1,250,67,0.8181818181818182,0.216,0.216,0.34177215189873417,0.25328330206378985,0.04979253112033195
nms,NMS,0.9666266367809753,57,13,193,1,250,71,0.8142857142857143,0.228,0.228,0.35625,0.26635514018691586,0.05394190871369295
nms,NMS,0.9651331355549434,60,14,190,1,250,75,0.8108108108108109,0.24,0.24,0.3703703703703704,0.2793296089385475,0.058091286307053944
nms,NMS,0.9629095902898336,64,14,186,1,250,79,0.8205128205128205,0.256,0.256,0.3902439024390244,0.29684601113172543,0.058091286307053944
nms,NMS,0.9595459398259107,66,15,184,1,250,82,0.8148148148148148,0.264,0.264,0.39879154078549855,0.30527289546716,0.06224066390041494
nms,NMS,0.9567893623330749,68,16,182,1,250,85,0.8095238095238095,0.272,0.272,0.407185628742515,0.3136531365313653,0.06639004149377593
nms,NMS,0.9532962659881051,72,16,178,1,250,89,0.8181818181818182,0.288,0.288,0.4260355029585799,0.3308823529411764,0.06639004149377593
nms,NMS,0.9496421719961755,76,17,174,1,250,94,0.8172043010752689,0.304,0.304,0.44314868804664725,0.34766697163769444,0.07053941908713693
nms,NMS,0.9433534323468452,79,18,171,1,250,98,0.8144329896907216,0.316,0.316,0.45533141210374645,0.3600729261622607,0.07468879668049792
nms,NMS,0.9399230278836559,81,19,169,1,250,101,0.81,0.324,0.324,0.4628571428571428,0.3681818181818182,0.07883817427385892
nms,NMS,0.9371430689537565,83,21,167,1,250,105,0.7980769230769231,0.332,0.332,0.46892655367231634,0.37590579710144933,0.08713692946058091
nms,NMS,0.9329648659370164,84,24,166,1,250,109,0.7777777777777778,0.336,0.336,0.46927374301675984,0.37906137184115524,0.0995850622406639
nms,NMS,0.9286529841400237,87,23,163,3,250,113,0.7909090909090909,0.348,0.348,0.4833333333333333,0.3918918918918919,0.0954356846473029
nms,NMS,0.9258988426189428,88,25,162,3,250,116,0.7787610619469026,0.352,0.352,0.4848484848484848,0.39532794249775377,0.1037344398340249
nms,NMS,0.9216134151293855,90,27,160,3,250,120,0.7692307692307693,0.36,0.36,0.4904632152588556,0.4028648164726947,0.11203319502074689
nms,NMS,0.9204641442942859,94,27,156,3,250,124,0.7768595041322314,0.376,0.376,0.5067385444743936,0.41926851025869766,0.11203319502074689
nms,NMS,0.9126092315472565,98,27,152,3,250,128,0.784,0.392,0.392,0.5226666666666667,0.43555555555555553,0.11203319502074689
nms,NMS,0.9061190793998745,100,29,150,3,250,132,0.7751937984496124,0.4,0.4,0.5277044854881268,0.4428697962798937,0.12033195020746888
nms,NMS,0.899144568909693,102,30,148,4,250,136,0.7727272727272727,0.408,0.408,0.5340314136125655,0.450530035335689,0.12448132780082988
nms,NMS,0.8966325720885487,104,30,146,5,250,139,0.7761194029850746,0.416,0.416,0.5416666666666666,0.4585537918871252,0.12448132780082988
nms,NMS,0.8930031790699182,107,31,143,5,250,143,0.7753623188405797,0.428,0.428,0.5515463917525772,0.47012302284710017,0.12863070539419086
nms,NMS,0.8879958586084016,108,34,142,5,250,147,0.7605633802816901,0.432,0.432,0.5510204081632653,0.47285464098073554,0.14107883817427386
nms,NMS,0.8811430680326077,111,35,139,5,250,151,0.7602739726027398,0.444,0.444,0.5606060606060607,0.4842931937172775,0.14522821576763487
nms,NMS,0.8737288081391686,111,39,139,5,250,155,0.74,0.444,0.444,0.555,0.48260869565217396,0.16182572614107885
nms,NMS,0.8660081760109669,113,41,137,5,250,159,0.7337662337662337,0.452,0.452,0.5594059405940593,0.4896013864818024,0.17012448132780084
nms,NMS,0.8579042635272474,115,42,135,6,250,163,0.732484076433121,0.46,0.46,0.5651105651105651,0.4969749351771824,0.17427385892116182
nms,NMS,0.853285477486579,116,44,134,7,250,167,0.725,0.464,0.464,0.5658536585365854,0.5000000000000001,0.1825726141078838
nms,NMS,0.8473727633795022,119,45,131,7,250,171,0.725609756097561,0.476,0.476,0.5748792270531401,0.511168384879725,0.18672199170124482
nms,NMS,0.8437104444033487,122,45,128,7,250,174,0.7305389221556886,0.488,0.488,0.5851318944844125,0.5227077977720652,0.18672199170124482
nms,NMS,0.8400256918203662,122,48,128,7,250,177,0.7176470588235294,0.488,0.488,0.5809523809523809,0.5213675213675214,0.1991701244813278
nms,NMS,0.839141215747981,125,48,125,9,250,182,0.7225433526011561,0.5,0.5,0.5910165484633569,0.5328218243819267,0.1991701244813278
nms,NMS,0.8351894186766543,126,50,124,10,250,186,0.7159090909090909,0.504,0.504,0.5915492957746479,0.5357142857142857,0.2074688796680498
nms,NMS,0.8287570264541899,127,53,123,10,250,190,0.7055555555555556,0.508,0.508,0.5906976744186047,0.538135593220339,0.21991701244813278
nms,NMS,0.826921191649099,129,55,121,10,250,194,0.7010869565217391,0.516,0.516,0.5944700460829493,0.5447635135135136,0.22821576763485477
nms,NMS,0.8227713325325323,131,55,119,10,250,196,0.7043010752688172,0.524,0.524,0.6009174311926606,0.5522765598650927,0.22821576763485477
nms,NMS,0.8192760789858681,134,56,116,10,250,200,0.7052631578947368,0.536,0.536,0.6090909090909091,0.5630252100840336,0.23236514522821577
nms,NMS,0.8155480365167042,136,58,114,10,250,204,0.7010309278350515,0.544,0.544,0.6126126126126127,0.5695142378559465,0.24066390041493776
nms,NMS,0.8091664856414992,138,59,112,10,250,207,0.700507614213198,0.552,0.552,0.6174496644295302,0.5764411027568923,0.24481327800829875
nms,NMS,0.8056425611515687,141,59,109,11,250,211,0.705,0.564,0.564,0.6266666666666666,0.5874999999999999,0.24481327800829875
nms,NMS,0.7980304868600427,143,61,107,11,250,215,0.7009803921568627,0.572,0.572,0.6299559471365639,0.5938538205980065,0.25311203319502074
nms,NMS,0.7941408211113974,146,62,104,11,250,219,0.7019230769230769,0.584,0.584,0.6375545851528385,0.6043046357615893,0.2572614107883817
nms,NMS,0.7865646111807372,147,65,103,11,250,223,0.6933962264150944,0.588,0.588,0.6363636363636364,0.6064356435643564,0.2697095435684647
nms,NMS,0.7794617760964772,149,67,101,11,250,227,0.6898148148148148,0.596,0.596,0.6394849785407725,0.6126644736842105,0.27800829875518673
nms,NMS,0.7725819722338753,150,70,100,11,250,231,0.6818181818181818,0.6,0.6,0.6382978723404256,0.6147540983606556,0.29045643153526973
nms,NMS,0.761160882814579,153,71,97,11,250,235,0.6830357142857143,0.612,0.612,0.6455696202531646,0.625,0.2946058091286307
nms,NMS,0.7555262286359958,153,75,97,11,250,239,0.6710526315789473,0.612,0.612,0.6401673640167364,0.6229641693811074,0.3112033195020747
nms,NMS,0.7452273755480318,155,77,95,11,250,243,0.6681034482758621,0.62,0.62,0.6431535269709543,0.6290584415584416,0.31950207468879666
nms,NMS,0.733225071182923,155,81,95,11,250,247,0.6567796610169492,0.62,0.62,0.6378600823045267,0.6270226537216829,0.3360995850622407
nms,NMS,0.7231227750714945,157,82,93,11,250,250,0.6569037656903766,0.628,0.628,0.6421267893660532,0.6335754640839386,0.34024896265560167
nms,NMS,0.7141977190125951,157,85,93,11,250,253,0.6487603305785123,0.628,0.628,0.6382113821138211,0.6320450885668276,0.35269709543568467
nms,NMS,0.7104976290944734,159,87,91,11,250,257,0.6463414634146342,0.636,0.636,0.6411290322580645,0.6380417335473516,0.36099585062240663
nms,NMS,0.7039743848487567,161,88,89,12,250,261,0.6465863453815262,0.644,0.644,0.6452905811623246,0.644515612489992,0.3651452282157676
nms,NMS,0.69784558399383,161,92,89,12,250,265,0.6363636363636364,0.644,0.644,0.6401590457256461,0.6424581005586592,0.3817427385892116
nms,NMS,0.6895887398485777,162,96,88,12,250,270,0.627906976744186,0.648,0.648,0.6377952755905513,0.643879173290938,0.3983402489626556
nms,NMS,0.6820703373946015,164,98,86,12,250,274,0.6259541984732825,0.656,0.656,0.640625,0.6497622820919176,0.4066390041493776
nms,NMS,0.6800660800785825,165,101,85,12,250,278,0.6203007518796992,0.66,0.66,0.6395348837209303,0.6516587677725119,0.4190871369294606
nms,NMS,0.6766689266948024,167,103,83,12,250,282,0.6185185185185185,0.668,0.668,0.6423076923076924,0.65748031496063,0.42738589211618255
nms,NMS,0.6700471253805034,169,103,81,12,250,284,0.6213235294117647,0.676,0.676,0.6475095785440613,0.6643081761006289,0.42738589211618255
nms,NMS,0.6655820292946266,171,105,79,12,250,288,0.6195652173913043,0.684,0.684,0.6501901140684411,0.670062695924765,0.43568464730290457
nms,NMS,0.663161188877147,173,107,77,12,250,292,0.6178571428571429,0.692,0.692,0.6528301886792452,0.6757812499999999,0.44398340248962653
nms,NMS,0.6596104122210085,173,109,77,14,250,296,0.6134751773049646,0.692,0.692,0.650375939849624,0.6747269890795632,0.45228215767634855
nms,NMS,0.6529051445246438,174,112,76,14,250,300,0.6083916083916084,0.696,0.696,0.6492537313432836,0.67651632970451,0.46473029045643155
nms,NMS,0.6473830882728304,175,115,75,14,250,304,0.603448275862069,0.7,0.7,0.6481481481481481,0.6782945736434107,0.47717842323651455
nms,NMS,0.6460887093795132,176,117,74,14,250,307,0.6006825938566553,0.704,0.704,0.6482504604051565,0.6805877803557617,0.4854771784232365
nms,NMS,0.6428386986871178,178,119,72,14,250,311,0.5993265993265994,0.712,0.712,0.6508226691042048,0.6861989205859675,0.49377593360995853
nms,NMS,0.6355946724238701,178,122,72,14,250,314,0.5933333333333334,0.712,0.712,0.6472727272727272,0.6846153846153845,0.5062240663900415
nms,NMS,0.6196119595596087,178,124,72,14,250,316,0.5894039735099338,0.712,0.712,0.6449275362318841,0.6835637480798771,0.5145228215767634
nms,NMS,0.6127282534714399,178,128,72,14,250,320,0.5816993464052288,0.712,0.712,0.6402877697841727,0.6814701378254211,0.5311203319502075
nms,NMS,0.6083408293767677,180,130,70,14,250,324,0.5806451612903226,0.72,0.72,0.6428571428571428,0.6870229007633587,0.5394190871369294
nms,NMS,0.6043541253565248,181,133,69,14,250,328,0.5764331210191083,0.724,0.724,0.6418439716312057,0.6887366818873668,0.5518672199170125
nms,NMS,0.5966733421062005,183,135,67,14,250,332,0.5754716981132075,0.732,0.732,0.6443661971830985,0.6942336874051593,0.5601659751037344
nms,NMS,0.5948341304530789,184,137,66,14,250,335,0.573208722741433,0.736,0.736,0.6444833625218914,0.6964420893262678,0.5684647302904564
nms,NMS,0.5901998020089742,184,141,66,14,250,339,0.5661538461538461,0.736,0.736,0.6399999999999999,0.6943396226415093,0.5850622406639004
nms,NMS,0.5869456005099934,184,145,66,14,250,343,0.5592705167173252,0.736,0.736,0.6355785837651121,0.692249811888638,0.6016597510373444
nms,NMS,0.5844910432834836,187,145,63,15,250,347,0.5632530120481928,0.748,0.748,0.6426116838487972,0.7019519519519519,0.6016597510373444
nms,NMS,0.5764259654994155,189,147,61,15,250,351,0.5625,0.756,0.756,0.6450511945392492,0.7073353293413174,0.6099585062240664
nms,NMS,0.5727604472213469,191,148,59,16,250,355,0.5634218289085545,0.764,0.764,0.6485568760611206,0.7132188200149366,0.6141078838174274
nms,NMS,0.5679647266440911,192,151,58,16,250,359,0.5597667638483965,0.768,0.768,0.6475548060708263,0.7148175725986597,0.6265560165975104
nms,NMS,0.563197722432384,192,155,58,16,250,363,0.553314121037464,0.768,0.768,0.6432160804020101,0.7126948775055678,0.6431535269709544
nms,NMS,0.5580067338299143,192,158,58,16,250,366,0.5485714285714286,0.768,0.768,0.6399999999999999,0.711111111111111,0.6556016597510373
nms,NMS,0.5525415827619296,193,159,57,17,250,369,0.5482954545454546,0.772,0.772,0.6411960132890366,0.7137573964497042,0.6597510373443983
nms,NMS,0.5484926613946167,195,161,55,17,250,373,0.547752808988764,0.78,0.78,0.6435643564356436,0.7190265486725663,0.6680497925311203
nms,NMS,0.54386062242958,196,164,54,17,250,377,0.5444444444444444,0.784,0.784,0.642622950819672,0.7205882352941176,0.6804979253112033
nms,NMS,0.5370072895113279,196,168,54,17,250,381,0.5384615384615384,0.784,0.784,0.6384364820846905,0.7184750733137829,0.6970954356846473
nms,NMS,0.52914531319521,198,169,52,18,250,385,0.5395095367847411,0.792,0.792,0.6418152350081037,0.7242136064374542,0.7012448132780082
nms,NMS,0.5234950316307818,199,171,51,18,250,388,0.5378378378378378,0.796,0.796,0.6419354838709678,0.7262773722627738,0.7095435684647303
nms,NMS,0.5148152324497791,200,174,50,18,250,392,0.5347593582887701,0.8,0.8,0.641025641025641,0.727802037845706,0.7219917012448133
nms,NMS,0.5101514960490121,201,177,49,18,250,396,0.5317460317460317,0.804,0.804,0.6401273885350318,0.7293178519593615,0.7344398340248963
nms,NMS,0.5065601318644338,201,181,49,18,250,400,0.5261780104712042,0.804,0.804,0.6360759493670887,0.7272069464544139,0.7510373443983402
nms,NMS,0.5,201,186,49,18,250,405,0.5193798449612403,0.804,0.804,0.631083202511774,0.7245854361932228,0.7717842323651453
nms,NMS,0.4948934739338714,201,188,49,18,250,407,0.5167095115681234,0.804,0.804,0.6291079812206574,0.7235421166306696,0.7800829875518672
nms,NMS,0.48884703971886234,202,191,48,18,250,411,0.5139949109414759,0.808,0.808,0.6283048211508554,0.7250538406317303,0.7925311203319502
nms,NMS,0.48144519087969,203,194,47,18,250,415,0.5113350125944585,0.812,0.812,0.6275115919629057,0.7265569076592698,0.8049792531120332
nms,NMS,0.4767195869990048,203,197,47,19,250,419,0.5075,0.812,0.812,0.6246153846153846,0.7250000000000001,0.8174273858921162
nms,NMS,0.4705791410577989,206,198,44,19,250,423,0.5099009900990099,0.824,0.824,0.6299694189602447,0.7336182336182336,0.8215767634854771
nms,NMS,0.4656814751912094,208,199,42,20,250,427,0.5110565110565111,0.832,0.832,0.6331811263318112,0.7391613361762616,0.8257261410788381
nms,NMS,0.4587399897750556,209,202,41,20,250,431,0.5085158150851582,0.836,0.836,0.6323751891074131,0.7406094968107726,0.8381742738589212
nms,NMS,0.4537546538387952,209,206,41,20,250,435,0.5036144578313253,0.836,0.836,0.6285714285714284,0.7385159010600708,0.8547717842323651
nms,NMS,0.45010836224964174,210,209,40,20,250,439,0.5011933174224343,0.84,0.84,0.6278026905829597,0.7399577167019028,0.8672199170124482
nms,NMS,0.44575894294132445,210,213,40,20,250,443,0.49645390070921985,0.84,0.84,0.6240713224368499,0.7378777231201685,0.8838174273858921
nms,NMS,0.4433539684322153,210,217,40,20,250,447,0.4918032786885246,0.84,0.84,0.620384047267356,0.7358093903293623,0.9004149377593361
nms,NMS,0.4426476495228448,211,220,39,20,250,451,0.4895591647331787,0.844,0.844,0.6196769456681351,0.737246680642907,0.9128630705394191
nms,NMS,0.4394989126188441,212,222,38,21,250,455,0.48847926267281105,0.848,0.848,0.6198830409356725,0.7391910739191073,0.921161825726141
nms,NMS,0.43707454522059985,213,224,37,21,250,458,0.4874141876430206,0.852,0.852,0.6200873362445415,0.7411273486430063,0.9294605809128631
nms,NMS,0.42942519763431286,215,226,35,21,250,462,0.4875283446712018,0.86,0.86,0.622286541244573,0.7460097154753642,0.9377593360995851
nms,NMS,0.4274378610994463,216,229,34,21,250,466,0.4853932584269663,0.864,0.864,0.6215827338129496,0.7474048442906576,0.950207468879668
nms,NMS,0.4246575867656552,216,232,34,22,250,470,0.48214285714285715,0.864,0.864,0.6189111747851004,0.7458563535911601,0.9626556016597511
nms,NMS,0.4208731061737741,216,236,34,22,250,474,0.4778761061946903,0.864,0.864,0.6153846153846154,0.743801652892562,0.979253112033195
nms,NMS,0.417777409545071,216,240,34,22,250,478,0.47368421052631576,0.864,0.864,0.6118980169971671,0.7417582417582417,0.995850622406639
nms,NMS,0.4114701054910424,216,243,34,23,250,482,0.47058823529411764,0.864,0.864,0.6093088857545839,0.740233036326251,1.008298755186722
nms,NMS,0.40887142786878594,216,247,34,23,250,486,0.46652267818574517,0.864,0.864,0.6058906030855541,0.7382091592617908,1.0248962655601659
nms,NMS,0.4059803841781948,217,250,33,23,250,490,0.46466809421841543,0.868,0.868,0.605299860529986,0.7396046353101567,1.037344398340249
nms,NMS,0.4016596826097795,217,253,33,23,250,493,0.46170212765957447,0.868,0.868,0.6027777777777777,0.7380952380952381,1.049792531120332
nms,NMS,0.39934180632250804,217,257,33,23,250,497,0.4578059071729958,0.868,0.868,0.5994475138121547,0.7360922659430121,1.066390041493776
nms,NMS,0.39452816572891913,218,260,32,23,250,501,0.4560669456066946,0.872,0.872,0.598901098901099,0.7374830852503383,1.0788381742738589
nms,NMS,0.3889080803539891,218,264,32,23,250,505,0.45228215767634855,0.872,0.872,0.5956284153005464,0.7354925775978407,1.095435684647303
nms,NMS,0.38137378253690424,219,267,31,23,250,509,0.4506172839506173,0.876,0.876,0.5951086956521738,0.7368775235531628,1.107883817427386
nms,NMS,0.3783455059019988,220,270,30,23,250,513,0.4489795918367347,0.88,0.88,0.5945945945945946,0.7382550335570469,1.120331950207469
nms,NMS,0.3755704726898424,220,274,30,23,250,517,0.44534412955465585,0.88,0.88,0.5913978494623656,0.7362784471218206,1.1369294605809128
nms,NMS,0.3707294331496777,220,278,30,23,250,521,0.44176706827309237,0.88,0.88,0.5882352941176471,0.7343124165554071,1.1535269709543567
nms,NMS,0.36533220913351705,220,282,30,23,250,525,0.43824701195219123,0.88,0.88,0.5851063829787234,0.7323568575233022,1.170124481327801
nms,NMS,0.36174746200041386,220,286,30,23,250,529,0.43478260869565216,0.88,0.88,0.582010582010582,0.7304116865869853,1.1867219917012448
nms,NMS,0.3597188633757866,221,288,29,24,250,533,0.43418467583497056,0.884,0.884,0.5823451910408431,0.7322730284956924,1.1950207468879668
nms,NMS,0.35748721591187477,221,293,29,24,250,538,0.42996108949416345,0.884,0.884,0.5785340314136126,0.7298546895640688,1.2157676348547717
nms,NMS,0.35144758046628827,222,296,28,24,250,542,0.42857142857142855,0.888,0.888,0.578125,0.7312252964426877,1.2282157676348548
nms,NMS,0.3469021402017814,223,298,27,24,250,545,0.42802303262955854,0.892,0.892,0.5784695201037613,0.733070348454964,1.2365145228215768
nms,NMS,0.3416513394369948,224,300,26,25,250,549,0.42748091603053434,0.896,0.896,0.5788113695090439,0.7349081364829396,1.2448132780082988
nms,NMS,0.33658748249643616,224,304,26,25,250,553,0.42424242424242425,0.896,0.896,0.5758354755784062,0.7329842931937173,1.2614107883817427
nms,NMS,0.33270050973433635,225,306,25,25,250,556,0.423728813559322,0.9,0.9,0.5761843790012804,0.7348138471587198,1.2697095435684647
nms,NMS,0.3273734243623133,225,310,25,25,250,560,0.4205607476635514,0.9,0.9,0.5732484076433121,0.7328990228013029,1.2863070539419088
nms,NMS,0.3216947025010586,225,314,25,25,250,564,0.4174397031539889,0.9,0.9,0.5703422053231939,0.7309941520467836,1.3029045643153527
nms,NMS,0.3188054320311704,225,318,25,25,250,568,0.4143646408839779,0.9,0.9,0.5674653215636821,0.7290991574854181,1.3195020746887967
nms,NMS,0.31669180684357234,225,321,25,25,250,571,0.41208791208791207,0.9,0.9,0.5653266331658292,0.7276843467011643,1.3319502074688796
nms,NMS,0.3117793273729739,225,325,25,25,250,575,0.4090909090909091,0.9,0.9,0.5625000000000001,0.7258064516129031,1.3485477178423237
nms,NMS,0.3092120416383417,225,329,25,25,250,579,0.40613718411552346,0.9,0.9,0.5597014925373135,0.7239382239382239,1.3651452282157677
nms,NMS,0.30578526023189573,226,332,24,25,250,583,0.4050179211469534,0.904,0.904,0.5594059405940593,0.7252888318356868,1.3775933609958506
nms,NMS,0.300132893806924,227,335,23,25,250,587,0.40391459074733094,0.908,0.908,0.5591133004926109,0.7266325224071704,1.3900414937759336
nms,NMS,0.2932548562751952,227,338,23,25,250,590,0.40176991150442476,0.908,0.908,0.5570552147239264,0.7252396166134185,1.4024896265560165
nms,NMS,0.2874859180413754,228,341,22,25,250,594,0.4007029876977153,0.912,0.912,0.5567765567765568,0.7265774378585087,1.4149377593360997
nms,NMS,0.28404177227310695,228,344,22,25,250,597,0.3986013986013986,0.912,0.912,0.5547445255474452,0.7251908396946565,1.4273858921161826
nms,NMS,0.2740147661712045,228,348,22,25,250,601,0.3958333333333333,0.912,0.912,0.5520581113801453,0.7233502538071066,1.4439834024896265
nms,NMS,0.27078564574020264,228,352,22,25,250,605,0.3931034482758621,0.912,0.912,0.5493975903614458,0.7215189873417722,1.4605809128630705
nms,NMS,0.26970586680000536,228,355,22,25,250,608,0.3910806174957118,0.912,0.912,0.5474189675870348,0.7201516108654453,1.4730290456431536
nms,NMS,0.26536665740878984,228,359,22,25,250,612,0.38841567291311757,0.912,0.912,0.5448028673835126,0.718336483931947,1.4896265560165975
nms,NMS,0.25955132287927685,228,363,22,25,250,616,0.38578680203045684,0.912,0.912,0.5422116527942925,0.7165304839723444,1.5062240663900415
nms,NMS,0.2542592759513949,228,366,22,25,250,619,0.3838383838383838,0.912,0.912,0.5402843601895735,0.7151819322459222,1.5186721991701244
nms,NMS,0.248598864276968,228,370,22,26,250,624,0.38127090301003347,0.912,0.912,0.5377358490566038,0.7133917396745932,1.5352697095435686
nms,NMS,0.2456565403899917,228,374,22,26,250,628,0.3787375415282392,0.912,0.912,0.5352112676056338,0.7116104868913857,1.5518672199170125
nms,NMS,0.23620635664590128,228,376,22,27,250,631,0.37748344370860926,0.912,0.912,0.5339578454332552,0.7107231920199502,1.5601659751037344
nms,NMS,0.23437120273179524,228,379,22,27,250,634,0.3756177924217463,0.912,0.912,0.5320886814469078,0.7093963907902925,1.5726141078838174
nms,NMS,0.23231637733952162,228,383,22,27,250,638,0.37315875613747956,0.912,0.912,0.529616724738676,0.707635009310987,1.5892116182572613
nms,NMS,0.23050645359252686,229,386,21,27,250,642,0.3723577235772358,0.916,0.916,0.5294797687861271,0.7089783281733746,1.6016597510373445
nms,NMS,0.22566932125583733,229,390,21,27,250,646,0.36995153473344106,0.916,0.916,0.5270425776754891,0.7072266831377394,1.6182572614107884
nms,NMS,0.22416688464848963,229,392,21,28,250,649,0.3687600644122383,0.916,0.916,0.5258323765786452,0.7063541024059222,1.6265560165975104
nms,NMS,0.22168658336001698,229,396,21,28,250,653,0.3664,0.916,0.916,0.5234285714285715,0.7046153846153845,1.6431535269709543
nms,NMS,0.2202334094555007,230,398,20,29,250,657,0.3662420382165605,0.92,0.92,0.5239179954441914,0.7063882063882063,1.6514522821576763
nms,NMS,0.21879920826375734,230,401,20,29,250,660,0.36450079239302696,0.92,0.92,0.522133938706016,0.7050889025137953,1.6639004149377594
nms,NMS,0.21662899562063206,230,404,20,30,250,664,0.3627760252365931,0.92,0.92,0.5203619909502263,0.7037943696450428,1.6763485477178424
nms,NMS,0.21369792614155333,231,407,19,30,250,668,0.3620689655172414,0.924,0.924,0.5202702702702703,0.7051282051282051,1.6887966804979253
nms,NMS,0.2116634034151309,231,410,19,31,250,672,0.36037441497659906,0.924,0.924,0.5185185185185186,0.7038391224862889,1.7012448132780082
nms,NMS,0.20952916413503922,231,414,19,31,250,676,0.3581395348837209,0.924,0.924,0.5162011173184358,0.702127659574468,1.7178423236514522
nms,NMS,0.20825185397966722,231,417,19,32,250,680,0.35648148148148145,0.924,0.924,0.5144766146993318,0.7008495145631067,1.7302904564315353
nms,NMS,0.20567239815759,231,421,19,32,250,684,0.35429447852760737,0.924,0.924,0.5121951219512195,0.6991525423728814,1.7468879668049793
nms,NMS,0.20263297605346775,231,424,19,32,250,687,0.3526717557251908,0.924,0.924,0.5104972375690608,0.6978851963746224,1.7593360995850622
nms,NMS,0.1993971843245154,231,428,19,32,250,691,0.3505311077389985,0.924,0.924,0.5082508250825083,0.6962025316455696,1.7759336099585061
nms,NMS,0.19757482812070196,231,432,19,32,250,695,0.34841628959276016,0.924,0.924,0.5060240963855422,0.6945279615153338,1.7925311203319503
nms,NMS,0.19405760207579165,232,435,18,32,250,699,0.34782608695652173,0.928,0.928,0.5059978189749181,0.6958608278344331,1.8049792531120332
nms,NMS,0.193173362361004,232,439,18,32,250,703,0.34575260804769004,0.928,0.928,0.5038002171552661,0.6941950927588272,1.8215767634854771
nms,NMS,0.1907631101571337,232,443,18,32,250,707,0.3437037037037037,0.928,0.928,0.5016216216216216,0.6925373134328358,1.838174273858921
nms,NMS,0.1866989734722293,232,448,18,32,250,712,0.3411764705882353,0.928,0.928,0.4989247311827957,0.6904761904761906,1.8589211618257262
nms,NMS,0.18586054623693596,232,452,18,32,250,716,0.3391812865497076,0.928,0.928,0.49678800856531047,0.6888361045130641,1.8755186721991701
nms,NMS,0.18433796587951673,232,456,18,32,250,720,0.3372093023255814,0.928,0.928,0.49466950959488276,0.6872037914691943,1.892116182572614
nms,NMS,0.18140468803246526,232,460,18,32,250,724,0.3352601156069364,0.928,0.928,0.49256900212314225,0.6855791962174941,1.9087136929460582
nms,NMS,0.1757657170429795,232,464,18,32,250,728,0.3333333333333333,0.928,0.928,0.4904862579281184,0.6839622641509434,1.9253112033195021
nms,NMS,0.17318120655670835,232,467,18,33,250,732,0.3319027181688126,0.928,0.928,0.4889357218124341,0.6827545615067686,1.937759336099585
nms,NMS,0.17160089511032176,232,471,18,33,250,736,0.33001422475106684,0.928,0.928,0.4868835257082896,0.6811509101585438,1.954356846473029
nms,NMS,0.17069001767422404,232,475,18,33,250,740,0.32814710042432815,0.928,0.928,0.4848484848484848,0.6795547744581137,1.9709543568464731
nms,NMS,0.1684207750844966,232,479,18,33,250,744,0.3263009845288326,0.928,0.928,0.48283038501560865,0.6779661016949152,1.987551867219917
nms,NMS,0.16629365573914046,232,482,18,33,250,747,0.32492997198879553,0.928,0.928,0.48132780082987553,0.676779463243874,2.0
nms,NMS,0.16384170371222018,233,485,17,33,250,751,0.3245125348189415,0.932,0.932,0.48140495867768596,0.6781140861466822,2.012448132780083
nms,NMS,0.1622462998488556,233,489,17,33,250,755,0.32271468144044324,0.932,0.932,0.4794238683127572,0.6765389082462253,2.029045643153527
nms,NMS,0.16086711688751665,233,493,17,33,250,759,0.3209366391184573,0.932,0.932,0.4774590163934427,0.6749710312862109,2.045643153526971
nms,NMS,0.15945985513738972,233,497,17,33,250,763,0.31917808219178084,0.932,0.932,0.47551020408163275,0.6734104046242775,2.0622406639004147
nms,NMS,0.15827461906566048,233,501,17,33,250,767,0.31743869209809267,0.932,0.932,0.47357723577235783,0.6718569780853518,2.078838174273859
nms,NMS,0.15666097060780104,233,505,17,33,250,771,0.3157181571815718,0.932,0.932,0.4716599190283401,0.6703107019562715,2.095435684647303
nms,NMS,0.15513785089144025,234,507,16,34,250,775,0.3157894736842105,0.936,0.936,0.4722502522704339,0.6720275703618611,2.103734439834025
nms,NMS,0.15373255458261312,235,509,15,35,250,779,0.31586021505376344,0.94,0.94,0.4728370221327967,0.6737385321100917,2.112033195020747
nms,NMS,0.1519111338521307,235,513,15,35,250,783,0.3141711229946524,0.94,0.94,0.47094188376753504,0.6721967963386729,2.128630705394191
nms,NMS,0.150169004146444,235,517,15,35,250,787,0.3125,0.94,0.94,0.46906187624750495,0.670662100456621,2.145228215767635
nms,NMS,0.14959471625911053,235,520,15,36,250,791,0.31125827814569534,0.94,0.94,0.4676616915422885,0.6695156695156695,2.1576763485477177
nms,NMS,0.1488700160169496,236,522,14,36,250,794,0.3113456464379947,0.944,0.944,0.46825396825396826,0.6712172923777019,2.1659751037344397
nms,NMS,0.14801862810848235,236,526,14,36,250,798,0.30971128608923887,0.944,0.944,0.46640316205533605,0.6696935300794552,2.1825726141078836
nms,NMS,0.14716711090750506,236,531,14,36,250,803,0.3076923076923077,0.944,0.944,0.46411012782694194,0.6677985285795133,2.203319502074689
nms,NMS,0.14608359351422953,236,534,14,36,250,806,0.3064935064935065,0.944,0.944,0.4627450980392157,0.6666666666666666,2.215767634854772
nms,NMS,0.14459384252569357,236,537,14,37,250,810,0.3053040103492885,0.944,0.944,0.4613880742913001,0.6655386350817822,2.228215767634855
nms,NMS,0.1428563938005594,236,540,14,38,250,814,0.30412371134020616,0.944,0.944,0.4600389863547758,0.6644144144144143,2.240663900414938
nms,NMS,0.14134686392949564,236,544,14,38,250,818,0.30256410256410254,0.944,0.944,0.4582524271844659,0.6629213483146067,2.2572614107883817
nms,NMS,0.14061491710497495,236,548,14,38,250,822,0.3010204081632653,0.944,0.944,0.45647969052224374,0.6614349775784754,2.2738589211618256
nms,NMS,0.13871726117228772,236,552,14,38,250,826,0.29949238578680204,0.944,0.944,0.4547206165703276,0.6599552572706935,2.2904564315352696
nms,NMS,0.13718116791002558,236,556,14,38,250,830,0.29797979797979796,0.944,0.944,0.4529750479846449,0.6584821428571428,2.3070539419087135
nms,NMS,0.13499175889661594,236,559,14,38,250,833,0.2968553459119497,0.944,0.944,0.4516746411483254,0.6573816155988859,2.319502074688797
nms,NMS,0.13199126417409374,236,562,14,39,250,837,0.2957393483709273,0.944,0.944,0.4503816793893129,0.6562847608453838,2.33195020746888
nms,NMS,0.12979198655171062,236,566,14,39,250,841,0.2942643391521197,0.944,0.944,0.44866920152091255,0.6548279689234184,2.3485477178423237
nms,NMS,0.12938119331093312,236,569,14,40,250,845,0.29316770186335406,0.944,0.944,0.44739336492891,0.6537396121883656,2.3609958506224067
nms,NMS,0.12720602616369794,236,573,14,40,250,849,0.29171817058096416,0.944,0.944,0.4457034938621341,0.6522940851299059,2.3775933609958506
nms,NMS,0.12661143611561504,236,577,14,40,250,853,0.2902829028290283,0.944,0.944,0.44402634054562556,0.6508549365692222,2.3941908713692945
nms,NMS,0.1242328260688179,236,580,14,40,250,856,0.28921568627450983,0.944,0.944,0.44277673545966234,0.6497797356828193,2.4066390041493775
nms,NMS,0.12211976894837664,236,584,14,40,250,860,0.28780487804878047,0.944,0.944,0.4411214953271027,0.6483516483516483,2.4232365145228214
nms,NMS,0.12100543909144133,236,587,14,40,250,863,0.2867557715674362,0.944,0.944,0.43988816402609504,0.6472846955567745,2.4356846473029043
nms,NMS,0.12005739034311137,236,590,14,40,250,866,0.2857142857142857,0.944,0.944,0.43866171003717475,0.6462212486308871,2.4481327800829877
nms,NMS,0.11827385519521827,236,594,14,40,250,870,0.28433734939759037,0.944,0.944,0.43703703703703706,0.6448087431693988,2.4647302904564317
nms,NMS,0.11621491077936448,236,598,14,40,250,874,0.2829736211031175,0.944,0.944,0.4354243542435424,0.6434023991275899,2.4813278008298756
nms,NMS,0.11552853255621211,236,602,14,40,250,878,0.28162291169451076,0.944,0.944,0.4338235294117647,0.6420021762785636,2.4979253112033195
nms,NMS,0.11405554942037177,236,606,14,40,250,882,0.28028503562945367,0.944,0.944,0.4322344322344322,0.6406080347448425,2.5145228215767634
nms,NMS,0.11289296205574267,236,609,14,40,250,885,0.27928994082840236,0.944,0.944,0.43105022831050227,0.6395663956639566,2.5269709543568464
nms,NMS,0.11024461527450265,236,614,14,40,250,890,0.2776470588235294,0.944,0.944,0.42909090909090913,0.6378378378378379,2.5477178423236513
nms,NMS,0.10969871698113241,236,617,14,40,250,893,0.27667057444314186,0.944,0.944,0.42792384406164996,0.6368051807879115,2.5601659751037342
nms,NMS,0.10858969814502056,237,620,13,40,250,897,0.2765460910151692,0.948,0.948,0.4281842818428185,0.6381260096930532,2.5726141078838176
nms,NMS,0.1075319340129953,237,623,13,40,250,900,0.2755813953488372,0.948,0.948,0.42702702702702705,0.6370967741935483,2.5850622406639006
nms,NMS,0.10596648334823143,237,627,13,40,250,904,0.2743055555555556,0.948,0.948,0.4254937163375225,0.6357296137339056,2.6016597510373445
nms,NMS,0.10404177546364096,237,630,13,41,250,908,0.27335640138408307,0.948,0.948,0.42435094001790513,0.6347080878414568,2.6141078838174274
nms,NMS,0.10282121515221958,237,634,13,41,250,912,0.27210103329506313,0.948,0.948,0.42283675289919714,0.6333511491181185,2.6307053941908713
nms,NMS,0.1021037560527885,237,638,13,41,250,916,0.27085714285714285,0.948,0.948,0.4213333333333333,0.6320000000000001,2.6473029045643153
nms,NMS,0.10158688688622576,237,641,13,41,250,919,0.26993166287015946,0.948,0.948,0.4202127659574469,0.6309904153354632,2.659751037344398
nms,NMS,0.10084886574116965,237,644,13,41,250,922,0.2690124858115778,0.948,0.948,0.4190981432360743,0.6299840510366825,2.672199170124481
nms,NMS,0.10017108698445694,237,648,13,41,250,926,0.2677966101694915,0.948,0.948,0.41762114537444933,0.6286472148541115,2.6887966804979255
nms,NMS,0.09862630707139178,237,652,13,41,250,930,0.26659167604049494,0.948,0.948,0.41615452151009663,0.6273160402329274,2.7053941908713695
nms,NMS,0.09750160566245124,237,656,13,41,250,934,0.26539753639417696,0.948,0.948,0.4146981627296588,0.6259904912836767,2.7219917012448134
nms,NMS,0.09666091272640905,237,659,13,42,250,938,0.26450892857142855,0.948,0.948,0.4136125654450261,0.625,2.7344398340248963
nms,NMS,0.09580697184456152,237,663,13,42,250,942,0.2633333333333333,0.948,0.948,0.4121739130434783,0.6236842105263157,2.7510373443983402
nms,NMS,0.09509273291344786,237,666,13,43,250,946,0.26245847176079734,0.948,0.948,0.4111014744145706,0.6227009984235418,2.763485477178423
nms,NMS,0.09406386813902284,238,669,12,43,250,950,0.2624035281146637,0.952,0.952,0.41140881590319794,0.6240167802831672,2.775933609958506
nms,NMS,0.0929215068486138,238,673,12,43,250,954,0.26125137211855104,0.952,0.952,0.4099913867355728,0.6227106227106227,2.79253112033195
nms,NMS,0.0924018885421651,238,675,12,43,250,956,0.2606790799561884,0.952,0.952,0.40928632846087704,0.6220595922634605,2.800829875518672
nms,NMS,0.0917853618167636,238,678,12,44,250,960,0.259825327510917,0.952,0.952,0.40823327615780447,0.6210855949895616,2.8132780082987554
nms,NMS,0.09095173259136431,238,682,12,44,250,964,0.25869565217391305,0.952,0.952,0.4068376068376069,0.6197916666666666,2.8298755186721993
nms,NMS,0.09022263473964007,238,686,12,44,250,968,0.25757575757575757,0.952,0.952,0.40545144804088584,0.6185031185031186,2.8464730290456433
nms,NMS,0.0892084973549151,238,690,12,44,250,972,0.25646551724137934,0.952,0.952,0.40407470288624786,0.6172199170124482,2.863070539419087
nms,NMS,0.08854660768382085,238,694,12,44,250,976,0.2553648068669528,0.952,0.952,0.4027072758037225,0.6159420289855072,2.879668049792531
nms,NMS,0.08790171228596713,238,698,12,44,250,980,0.25427350427350426,0.952,0.952,0.40134907251264756,0.6146694214876033,2.896265560165975
nms,NMS,0.08735576710775111,238,701,12,44,250,983,0.2534611288604899,0.952,0.952,0.40033641715727497,0.6137184115523466,2.908713692946058
nms,NMS,0.08671904006631112,238,705,12,44,250,987,0.2523860021208908,0.952,0.952,0.3989941324392289,0.6124549665465775,2.925311203319502
nms,NMS,0.08633164316128347,238,709,12,44,250,991,0.25131995776135163,0.952,0.952,0.39766081871345027,0.6111967128916281,2.9419087136929463
nms,NMS,0.08571698868066834,238,712,12,45,250,995,0.2505263157894737,0.952,0.952,0.39666666666666667,0.6102564102564102,2.954356846473029
nms,NMS,0.08541662150356552,238,716,12,45,250,999,0.24947589098532494,0.952,0.952,0.3953488372093023,0.6090071647901739,2.970954356846473
nms,NMS,0.08495123316821156,238,720,12,45,250,1003,0.24843423799582465,0.952,0.952,0.39403973509933776,0.6077630234933605,2.987551867219917
nms,NMS,0.08423419766362564,238,724,12,45,250,1007,0.24740124740124741,0.952,0.952,0.3927392739273927,0.6065239551478084,3.004149377593361
nms,NMS,0.08346736310577801,238,728,12,45,250,1011,0.2463768115942029,0.952,0.952,0.39144736842105265,0.6052899287894202,3.020746887966805
nms,NMS,0.08310886740999408,238,732,12,45,250,1015,0.24536082474226803,0.952,0.952,0.3901639344262295,0.6040609137055837,3.037344398340249
nms,NMS,0.08273804662985673,238,736,12,45,250,1019,0.24435318275154005,0.952,0.952,0.38888888888888895,0.602836879432624,3.0539419087136928
nms,NMS,0.08223829966176656,239,739,11,45,250,1023,0.2443762781186094,0.956,0.956,0.38925081433224756,0.6041456016177957,3.066390041493776
nms,NMS,0.08186869292933376,239,743,11,45,250,1027,0.24338085539714868,0.956,0.956,0.387987012987013,0.6029263370332997,3.08298755186722
nms,NMS,0.08149080719281591,239,747,11,45,250,1031,0.24239350912778904,0.956,0.956,0.3867313915857605,0.6017119838872105,3.099585062240664
nms,NMS,0.08118707467141274,240,750,10,45,250,1035,0.24242424242424243,0.96,0.96,0.3870967741935484,0.6030150753768844,3.112033195020747
nms,NMS,0.08080352229685199,240,754,10,45,250,1039,0.2414486921529175,0.96,0.96,0.3858520900321543,0.6018054162487462,3.128630705394191
nms,NMS,0.08022680195465476,240,758,10,45,250,1043,0.24048096192384769,0.96,0.96,0.3846153846153846,0.6006006006006005,3.145228215767635
nms,NMS,0.07945044206379959,240,762,10,45,250,1047,0.23952095808383234,0.96,0.96,0.38338658146964855,0.5994005994005994,3.1618257261410787
nms,NMS,0.07897690829499955,240,766,10,45,250,1051,0.23856858846918488,0.96,0.96,0.38216560509554137,0.5982053838484547,3.1784232365145226
nms,NMS,0.0787428617774416,240,770,10,45,250,1055,0.2376237623762376,0.96,0.96,0.38095238095238093,0.5970149253731343,3.195020746887967
nms,NMS,0.07840087616298945,240,774,10,45,250,1059,0.23668639053254437,0.96,0.96,0.379746835443038,0.5958291956305858,3.211618257261411
nms,NMS,0.07782791771719408,240,777,10,45,250,1062,0.2359882005899705,0.96,0.96,0.3788476716653512,0.5949429846306395,3.224066390041494
nms,NMS,0.07745919023856687,240,782,10,45,250,1067,0.23483365949119372,0.96,0.96,0.3773584905660377,0.5934718100890207,3.2448132780082988
nms,NMS,0.07718389589608371,240,786,10,45,250,1071,0.23391812865497075,0.96,0.96,0.37617554858934166,0.5923000987166831,3.2614107883817427
nms,NMS,0.07673606730787592,240,790,10,45,250,1075,0.23300970873786409,0.96,0.96,0.37500000000000006,0.5911330049261083,3.2780082987551866
nms,NMS,0.07648370278936688,240,794,10,45,250,1079,0.23210831721470018,0.96,0.96,0.3738317757009345,0.5899705014749262,3.2946058091286305
nms,NMS,0.0761627372902051,240,798,10,45,250,1083,0.23121387283236994,0.96,0.96,0.3726708074534162,0.5888125613346418,3.3112033195020745
nms,NMS,0.0758825304806107,240,802,10,45,250,1087,0.23032629558541268,0.96,0.96,0.37151702786377716,0.5876591576885407,3.327800829875519
nms,NMS,0.07552039181498672,240,806,10,45,250,1091,0.2294455066921606,0.96,0.96,0.37037037037037035,0.5865102639296188,3.3443983402489628
nms,NMS,0.07518205175470834,240,810,10,45,250,1095,0.22857142857142856,0.96,0.96,0.3692307692307692,0.5853658536585366,3.3609958506224067
nms,NMS,0.07511634852570838,240,814,10,45,250,1099,0.22770398481973433,0.96,0.96,0.3680981595092024,0.5842259006815969,3.3775933609958506
nms,NMS,0.0747171662581452,240,818,10,45,250,1103,0.22684310018903592,0.96,0.96,0.3669724770642202,0.5830903790087464,3.3941908713692945
nms,NMS,0.07453039300595236,240,822,10,45,250,1107,0.22598870056497175,0.96,0.96,0.3658536585365854,0.5819592628516004,3.4107883817427385
nms,NMS,0.07405653554999769,240,826,10,45,250,1111,0.225140712945591,0.96,0.96,0.364741641337386,0.5808325266214908,3.4273858921161824
nms,NMS,0.07377301748387546,240,830,10,45,250,1115,0.22429906542056074,0.96,0.96,0.36363636363636365,0.5797101449275361,3.4439834024896268
nms,NMS,0.07330190373382148,240,834,10,45,250,1119,0.22346368715083798,0.96,0.96,0.36253776435045315,0.5785920925747349,3.4605809128630707
nms,NMS,0.0730444563824584,240,838,10,45,250,1123,0.22263450834879406,0.96,0.96,0.3614457831325301,0.5774783445620788,3.4771784232365146
nms,NMS,0.07268157443408539,240,842,10,45,250,1127,0.22181146025878004,0.96,0.96,0.3603603603603604,0.5763688760806915,3.4937759336099585
nms,NMS,0.07218760574549193,240,846,10,45,250,1131,0.22099447513812154,0.96,0.96,0.3592814371257485,0.5752636625119846,3.5103734439834025
nms,NMS,0.07182112309963613,240,849,10,45,250,1134,0.22038567493112948,0.96,0.96,0.35847647498132934,0.5744375299186214,3.5228215767634854
nms,NMS,0.0716993179423652,240,852,10,45,250,1137,0.21978021978021978,0.96,0.96,0.3576751117734724,0.5736137667304015,3.5352697095435683
nms,NMS,0.07096275072077193,240,856,10,45,250,1141,0.21897810218978103,0.96,0.96,0.35661218424962854,0.5725190839694657,3.5518672199170123
nms,NMS,0.07066661957182366,240,860,10,45,250,1145,0.21818181818181817,0.96,0.96,0.3555555555555555,0.5714285714285714,3.5684647302904566
nms,NMS,0.07043605256497543,240,864,10,45,250,1149,0.21739130434782608,0.96,0.96,0.35450516986706054,0.5703422053231939,3.5850622406639006
nms,NMS,0.0702433391861515,240,868,10,45,250,1153,0.21660649819494585,0.96,0.96,0.35346097201767307,0.5692599620493359,3.6016597510373445
nms,NMS,0.07004208722149277,240,872,10,45,250,1157,0.2158273381294964,0.96,0.96,0.3524229074889868,0.5681818181818182,3.6182572614107884
nms,NMS,0.0694954065125084,240,876,10,45,250,1161,0.21505376344086022,0.96,0.96,0.3513909224011713,0.5671077504725898,3.6348547717842323
nms,NMS,0.0690011503105939,240,879,10,46,250,1165,0.21447721179624665,0.96,0.96,0.35062089116143175,0.5663048607833884,3.6473029045643153
nms,NMS,0.06836011136734338,240,883,10,46,250,1169,0.21371326803205698,0.96,0.96,0.34959941733430444,0.5652378709373528,3.663900414937759
nms,NMS,0.06794046878480309,240,887,10,46,250,1173,0.2129547471162378,0.96,0.96,0.34858387799564267,0.5641748942172073,3.680497925311203
nms,NMS,0.06776306314090459,240,891,10,46,250,1177,0.21220159151193635,0.96,0.96,0.3475742215785662,0.5631159080244017,3.6970954356846475
nms,NMS,0.06724731258593761,240,895,10,46,250,1181,0.21145374449339208,0.96,0.96,0.34657039711191334,0.5620608899297425,3.7136929460580914
nms,NMS,0.06691230627363982,240,899,10,46,250,1185,0.21071115013169447,0.96,0.96,0.34557235421166305,0.5610098176718091,3.7302904564315353
nms,NMS,0.06652431189198107,240,903,10,46,250,1189,0.2099737532808399,0.96,0.96,0.3445800430725054,0.5599626691553896,3.7468879668049793
nms,NMS,0.06607077132417803,240,907,10,46,250,1193,0.2092414995640802,0.96,0.96,0.34359341445955616,0.5589194224499301,3.763485477178423
nms,NMS,0.06541272502434975,240,911,10,46,250,1197,0.20851433536055602,0.96,0.96,0.3426124197002141,0.5578800557880055,3.780082987551867
nms,NMS,0.06480804750176877,240,915,10,46,250,1201,0.2077922077922078,0.96,0.96,0.3416370106761566,0.5568445475638052,3.796680497925311
nms,NMS,0.064383354632179,240,919,10,46,250,1205,0.2070750647109577,0.96,0.96,0.340667139815472,0.555812876331635,3.8132780082987554
nms,NMS,0.064260077294126,240,923,10,46,250,1209,0.2063628546861565,0.96,0.96,0.3397027600849257,0.5547850208044383,3.8298755186721993
nms,NMS,0.06386566960942622,240,926,10,46,250,1212,0.2058319039451115,0.96,0.96,0.3389830508474576,0.5540166204986149,3.8423236514522823
nms,NMS,0.06362354534331739,240,930,10,46,250,1216,0.20512820512820512,0.96,0.96,0.3380281690140845,0.5529953917050691,3.858921161825726
nms,NMS,0.06347505971195644,240,934,10,46,250,1220,0.20442930153321975,0.96,0.96,0.3370786516853933,0.5519779208831647,3.87551867219917
nms,NMS,0.0631527531923635,240,938,10,46,250,1224,0.2037351443123939,0.96,0.96,0.33613445378151263,0.5509641873278237,3.892116182572614
nms,NMS,0.06273948804582517,240,942,10,46,250,1228,0.20304568527918782,0.96,0.96,0.335195530726257,0.5499541704857929,3.908713692946058
nms,NMS,0.0625347748711414,240,946,10,46,250,1232,0.20236087689713322,0.96,0.96,0.3342618384401114,0.5489478499542543,3.925311203319502
nms,NMS,0.06224068254139801,240,949,10,47,250,1236,0.20185029436501262,0.96,0.96,0.33356497567755383,0.5481955230698949,3.9377593360995853
nms,NMS,0.06207581818676637,240,953,10,47,250,1240,0.20117351215423301,0.96,0.96,0.3326403326403326,0.5471956224350205,3.954356846473029
nms,NMS,0.06181402460116098,240,957,10,47,250,1244,0.20050125313283207,0.96,0.96,0.331720801658604,0.5461993627674101,3.970954356846473
nms,NMS,0.061475945712262794,240,962,10,47,250,1249,0.19966722129783693,0.96,0.96,0.33057851239669417,0.544959128065395,3.991701244813278
nms,NMS,0.06135077155999528,240,966,10,47,250,1253,0.19900497512437812,0.96,0.96,0.32967032967032966,0.543970988213962,4.008298755186722
nms,NMS,0.06116253458311015,240,970,10,47,250,1257,0.19834710743801653,0.96,0.96,0.3287671232876712,0.5429864253393665,4.024896265560166
nms,NMS,0.061073140769062985,240,974,10,47,250,1261,0.19769357495881384,0.96,0.96,0.3278688524590164,0.5420054200542005,4.04149377593361
nms,NMS,0.06093008563104072,240,978,10,47,250,1265,0.19704433497536947,0.96,0.96,0.3269754768392371,0.5410279531109108,4.058091286307054
nms,NMS,0.06079030897923065,240,982,10,47,250,1269,0.19639934533551553,0.96,0.96,0.32608695652173914,0.54005400540054,4.074688796680498
nms,NMS,0.060653978265465154,240,986,10,47,250,1273,0.19575856443719414,0.96,0.96,0.3252032520325203,0.5390835579514824,4.091286307053942
nms,NMS,0.060455058044195396,240,990,10,47,250,1277,0.1951219512195122,0.96,0.96,0.32432432432432434,0.5381165919282511,4.1078838174273855
nms,NMS,0.06030284950248029,240,994,10,47,250,1281,0.19448946515397084,0.96,0.96,0.3234501347708895,0.5371530886302597,4.124481327800829
nms,NMS,0.06012921267773527,240,998,10,47,250,1285,0.1938610662358643,0.96,0.96,0.32258064516129026,0.5361930294906165,4.141078838174274
nms,NMS,0.05996642940711879,240,1002,10,47,250,1289,0.1932367149758454,0.96,0.96,0.32171581769437,0.5352363960749331,4.157676348547718
nms,NMS,0.05983136731722934,240,1005,10,47,250,1292,0.1927710843373494,0.96,0.96,0.3210702341137124,0.5345211581291759,4.170124481327801
nms,NMS,0.05971412099823922,240,1009,10,47,250,1296,0.1921537229783827,0.96,0.96,0.32021347565043357,0.5335704757670076,4.186721991701245
nms,NMS,0.059385674435457544,240,1012,10,48,250,1300,0.19169329073482427,0.96,0.96,0.3195739014647137,0.5328596802841918,4.199170124481328
nms,NMS,0.05884278779023296,240,1015,10,48,250,1303,0.19123505976095617,0.96,0.96,0.31893687707641194,0.5321507760532151,4.211618257261411
nms,NMS,0.05832673812812605,240,1019,10,48,250,1307,0.19062748212867356,0.96,0.96,0.31809145129224653,0.5312084993359895,4.228215767634855
nms,NMS,0.05785233401176532,240,1022,10,49,250,1311,0.1901743264659271,0.96,0.96,0.3174603174603175,0.5305039787798408,4.240663900414938
nms,NMS,0.05762693707207568,240,1026,10,49,250,1315,0.1895734597156398,0.96,0.96,0.316622691292876,0.5295675198587819,4.257261410788382
nms,NMS,0.05722080991092187,240,1030,10,49,250,1319,0.1889763779527559,0.96,0.96,0.31578947368421045,0.5286343612334802,4.273858921161826
nms,NMS,0.05701893307355803,240,1034,10,49,250,1323,0.18838304552590268,0.96,0.96,0.3149606299212599,0.5277044854881267,4.29045643153527
nms,NMS,0.056431017274403306,240,1038,10,49,250,1327,0.18779342723004694,0.96,0.96,0.3141361256544502,0.5267778753292363,4.3070539419087135
nms,NMS,0.055886717105657804,240,1042,10,49,250,1331,0.187207488299532,0.96,0.96,0.31331592689295035,0.5258545135845749,4.323651452282157
nms,NMS,0.05548089080061308,240,1045,10,49,250,1334,0.1867704280155642,0.96,0.96,0.3127035830618892,0.525164113785558,4.33609958506224
nms,NMS,0.05536370581275517,240,1050,10,49,250,1339,0.18604651162790697,0.96,0.96,0.31168831168831174,0.5240174672489083,4.356846473029045
nms,NMS,0.05493333265624312,240,1054,10,49,250,1343,0.18547140649149924,0.96,0.96,0.31088082901554404,0.5231037489102006,4.373443983402489
nms,NMS,0.05461078475553541,240,1058,10,49,250,1347,0.18489984591679506,0.96,0.96,0.31007751937984496,0.5221932114882506,4.390041493775934
nms,NMS,0.05414268590310092,240,1062,10,49,250,1351,0.18433179723502305,0.96,0.96,0.30927835051546393,0.5212858384013901,4.406639004149378
nms,NMS,0.05383301828911338,240,1066,10,49,250,1355,0.18376722817764166,0.96,0.96,0.30848329048843187,0.5203816131830008,4.423236514522822
nms,NMS,0.053253573039125784,240,1070,10,49,250,1359,0.183206106870229,0.96,0.96,0.30769230769230765,0.5194805194805195,4.439834024896266
nms,NMS,0.05296301943276867,240,1074,10,49,250,1363,0.182648401826484,0.96,0.96,0.3069053708439897,0.5185825410544511,4.45643153526971
nms,NMS,0.05195120125429627,240,1077,10,49,250,1366,0.18223234624145787,0.96,0.96,0.3063178047223995,0.5179110919292188,4.468879668049793
nms,NMS,0.05145088878984032,240,1081,10,49,250,1370,0.18168054504163514,0.96,0.96,0.305537873965627,0.5170185264971995,4.485477178423237
nms,NMS,0.05113802022027849,240,1084,10,49,250,1373,0.18126888217522658,0.96,0.96,0.3049555273189326,0.5163511187607573,4.4979253112033195
nms,NMS,0.05085531012485976,240,1086,10,49,250,1375,0.18099547511312217,0.96,0.96,0.3045685279187817,0.5159071367153912,4.5062240663900415
nms,NMS,0.05036842498146779,240,1090,10,49,250,1379,0.18045112781954886,0.96,0.96,0.3037974683544304,0.5150214592274678,4.522821576763485
nms,NMS,0.049924888635596965,240,1094,10,49,250,1383,0.17991004497751126,0.96,0.96,0.30303030303030304,0.5141388174807198,4.539419087136929
nms,NMS,0.04962174472793214,240,1098,10,49,250,1387,0.17937219730941703,0.96,0.96,0.30226700251889166,0.5132591958939264,4.556016597510373
nms,NMS,0.04918450936954286,240,1102,10,49,250,1391,0.17883755588673622,0.96,0.96,0.3015075376884422,0.5123825789923143,4.572614107883817
nms,NMS,0.04874113570502717,240,1106,10,49,250,1395,0.17830609212481427,0.96,0.96,0.3007518796992481,0.5115089514066496,4.589211618257261
nms,NMS,0.0486038401388365,240,1110,10,49,250,1399,0.17777777777777778,0.96,0.96,0.3,0.5106382978723404,4.605809128630705
nms,NMS,0.04843924105609867,240,1114,10,49,250,1403,0.17725258493353027,0.96,0.96,0.2992518703241895,0.5097706032285472,4.622406639004149
nms,NMS,0.048164987440336766,240,1118,10,49,250,1407,0.17673048600883653,0.96,0.96,0.2985074626865672,0.5089058524173028,4.639004149377594
nms,NMS,0.047965225665336474,240,1122,10,49,250,1411,0.1762114537444934,0.96,0.96,0.2977667493796526,0.5080440304826418,4.655601659751038
nms,NMS,0.04761040676812939,240,1126,10,49,250,1415,0.17569546120058566,0.96,0.96,0.297029702970297,0.507185122569738,4.672199170124482
nms,NMS,0.04748199131099201,240,1130,10,49,250,1419,0.17518248175182483,0.96,0.96,0.29629629629629634,0.5063291139240507,4.6887966804979255
nms,NMS,0.047226265658270955,240,1134,10,49,250,1423,0.17467248908296942,0.96,0.96,0.2955665024630542,0.5054759898904801,4.7053941908713695
nms,NMS,0.0468288320076633,240,1139,10,49,250,1428,0.17403915881073242,0.96,0.96,0.2946593001841621,0.5044136191677175,4.726141078838174
nms,NMS,0.04614026899708906,240,1141,10,49,250,1430,0.17378711078928313,0.96,0.96,0.29429797670141017,0.5039899202015959,4.734439834024896
nms,NMS,0.04555148678410979,241,1144,9,49,250,1434,0.1740072202166065,0.964,0.964,0.2948012232415902,0.5052410901467504,4.746887966804979
nms,NMS,0.044772821324339324,241,1147,9,49,250,1437,0.17363112391930835,0.964,0.964,0.2942612942612942,0.5046063651591289,4.759336099585062
nms,NMS,0.044469433739934464,241,1150,9,49,250,1440,0.1732566498921639,0.964,0.964,0.29372333942717854,0.5039732329569218,4.771784232365145
nms,NMS,0.04398550218589398,241,1153,9,49,250,1443,0.17288378766140602,0.964,0.964,0.29318734793187345,0.5033416875522139,4.784232365145228
nms,NMS,0.04372763902368842,241,1155,9,49,250,1445,0.17263610315186245,0.964,0.964,0.29283110571081405,0.5029215358931552,4.79253112033195
nms,NMS,0.04356771720913312,241,1158,9,49,250,1448,0.17226590421729807,0.964,0.964,0.29229836264402664,0.5022926219258024,4.804979253112033
nms,NMS,0.043395274098467496,241,1162,9,49,250,1452,0.17177476835352815,0.964,0.964,0.2915910465819721,0.5014565126924677,4.821576763485477
nms,NMS,0.04272593623426447,241,1166,9,49,250,1456,0.1712864250177683,0.964,0.964,0.29088714544357275,0.5006231823847113,4.838174273858921
nms,NMS,0.042452102085932815,241,1169,9,50,250,1460,0.17092198581560283,0.964,0.964,0.2903614457831325,0.5,4.850622406639004
nms,NMS,0.04219043255287729,241,1172,9,50,250,1463,0.17055909412597312,0.964,0.964,0.2898376428141912,0.49937836717778694,4.863070539419087
nms,NMS,0.041690878260197836,241,1176,9,50,250,1467,0.17007762879322513,0.964,0.964,0.2891421715656869,0.49855192387256925,4.8796680497925315
nms,NMS,0.041500432614285494,241,1180,9,50,250,1471,0.16959887403237156,0.964,0.964,0.28845002992220226,0.4977282114828583,4.8962655601659755
nms,NMS,0.041292463042210244,241,1184,9,50,250,1475,0.16912280701754387,0.964,0.964,0.2877611940298508,0.49690721649484537,4.912863070539419
nms,NMS,0.04100777671327224,241,1188,9,50,250,1479,0.16864940517844645,0.964,0.964,0.2870756402620608,0.4960889254837381,4.929460580912863
nms,NMS,0.0407233864432974,241,1192,9,50,250,1483,0.16817864619678996,0.964,0.964,0.28639334521687465,0.49527332511302924,4.946058091286307
nms,NMS,0.04050521353588788,241,1196,9,50,250,1487,0.1677105080027836,0.964,0.964,0.2857142857142857,0.49446040213377107,4.962655601659751
nms,NMS,0.04037219815105373,241,1200,9,50,250,1491,0.16724496877168632,0.964,0.964,0.28503843879361324,0.49365014338385904,4.979253112033195
nms,NMS,0.04023399328852666,241,1204,9,50,250,1495,0.16678200692041523,0.964,0.964,0.2843657817109144,0.49284253578732107,4.995850622406639
nms,NMS,0.03998458319028107,241,1208,9,50,250,1499,0.1663216011042098,0.964,0.964,0.28369629193643314,0.49203756635361373,5.012448132780083
nms,NMS,0.039077098430466785,241,1212,9,50,250,1503,0.16586373021335168,0.964,0.964,0.28302994715208457,0.4912352221769262,5.029045643153527
nms,NMS,0.038905384461304024,241,1215,9,50,250,1506,0.16552197802197802,0.964,0.964,0.28253223915592024,0.49063517915309446,5.04149377593361
nms,NMS,0.03866651314295161,241,1220,9,50,250,1511,0.16495550992470911,0.964,0.964,0.28170660432495614,0.48963835839089803,5.062240663900415
nms,NMS,0.03813002865780194,241,1223,9,50,250,1514,0.1646174863387978,0.964,0.964,0.2812135355892648,0.48904220779220775,5.074688796680498
nms,NMS,0.037739445668290635,241,1226,9,50,250,1517,0.16428084526244036,0.964,0.964,0.28072218986604547,0.488447507093636,5.087136929460581
nms,NMS,0.0373088772288605,242,1228,8,50,250,1520,0.16462585034013605,0.968,0.968,0.2813953488372093,0.4898785425101215,5.095435684647303
nms,NMS,0.03681130938976894,242,1232,8,50,250,1524,0.16417910447761194,0.968,0.968,0.28074245939675174,0.48908649959579625,5.1120331950207465
nms,NMS,0.03641043395161382,242,1235,8,50,250,1527,0.16384563303994584,0.968,0.968,0.2802547770700637,0.4884941461445297,5.124481327800829
nms,NMS,0.03610569563790053,242,1239,8,50,250,1531,0.16340310600945307,0.968,0.968,0.2796071634893125,0.4877065699314792,5.141078838174274
nms,NMS,0.03577225846718148,242,1243,8,50,250,1535,0.16296296296296298,0.968,0.968,0.27896253602305476,0.48692152917505027,5.157676348547718
nms,NMS,0.03557850218758078,243,1245,7,51,250,1539,0.16330645161290322,0.972,0.972,0.27963176064441886,0.4883440514469453,5.16597510373444
nms,NMS,0.03527604890544307,243,1248,7,51,250,1542,0.16297786720321933,0.972,0.972,0.27914991384261917,0.48775592131674034,5.178423236514523
nms,NMS,0.03454638900052175,243,1252,7,51,250,1546,0.1625418060200669,0.972,0.972,0.2785100286532951,0.4869739478957917,5.195020746887967
nms,NMS,0.03420680506920583,243,1256,7,51,250,1550,0.16210807204803201,0.972,0.972,0.27787307032590053,0.4861944777911164,5.211618257261411
nms,NMS,0.03396347068190614,243,1259,7,51,250,1553,0.1617842876165113,0.972,0.972,0.2773972602739726,0.4856115107913669,5.224066390041494
nms,NMS,0.03350397740786361,244,1261,6,52,250,1557,0.16212624584717608,0.976,0.976,0.2780626780626781,0.4870259481037924,5.232365145228216
nms,NMS,0.03329190371518745,244,1265,6,52,250,1561,0.16169648774022533,0.976,0.976,0.27743035815804434,0.4862495017935433,5.24896265560166
nms,NMS,0.03274643002594202,244,1268,6,52,250,1564,0.16137566137566137,0.976,0.976,0.2769580022701475,0.48566878980891715,5.261410788381743
nms,NMS,0.0323377553842433,244,1272,6,52,250,1568,0.16094986807387862,0.976,0.976,0.27633069082672707,0.48489666136724957,5.278008298755187
nms,NMS,0.031961081163786056,244,1276,6,52,250,1572,0.16052631578947368,0.976,0.976,0.27570621468926554,0.4841269841269841,5.2946058091286305
nms,NMS,0.03165177099399094,244,1280,6,52,250,1576,0.16010498687664043,0.976,0.976,0.27508455467869225,0.4833597464342314,5.3112033195020745
nms,NMS,0.03123515006111054,244,1284,6,52,250,1580,0.15968586387434555,0.976,0.976,0.2744656917885265,0.4825949367088608,5.327800829875518
nms,NMS,0.03086584698164507,244,1287,6,52,250,1583,0.15937295885042455,0.976,0.976,0.27400336889387983,0.48202291584354007,5.340248962655601
nms,NMS,0.03053441182975232,244,1291,6,52,250,1587,0.15895765472312703,0.976,0.976,0.2733893557422969,0.4812623274161736,5.356846473029045
nms,NMS,0.030194505554613074,244,1295,6,52,250,1591,0.1585445094217024,0.976,0.976,0.2727780883174958,0.48050413548641197,5.373443983402489
nms,NMS,0.029801028047740673,244,1300,6,52,250,1596,0.15803108808290156,0.976,0.976,0.27201783723522854,0.479559748427673,5.394190871369295
nms,NMS,0.02948447572759839,244,1303,6,52,250,1599,0.1577246283128636,0.976,0.976,0.27156371730662215,0.4789948959560267,5.406639004149378
nms,NMS,0.029232190462550486,244,1307,6,52,250,1603,0.15731785944551901,0.976,0.976,0.27096057745696833,0.4782438259506076,5.423236514522822
nms,NMS,0.02902894765392333,244,1311,6,52,250,1607,0.15691318327974277,0.976,0.976,0.2703601108033241,0.47749510763209396,5.439834024896266
nms,NMS,0.02888051913166355,244,1314,6,52,250,1610,0.15661103979460847,0.976,0.976,0.26991150442477874,0.47693510555121194,5.452282157676349
nms,NMS,0.02861635105098193,244,1318,6,52,250,1614,0.15620998719590268,0.976,0.976,0.26931567328918327,0.47619047619047616,5.468879668049793
nms,NMS,0.028271358760822252,244,1322,6,52,250,1618,0.1558109833971903,0.976,0.976,0.2687224669603524,0.47544816835541703,5.485477178423237
nms,NMS,0.027774490203750647,244,1326,6,52,250,1622,0.1554140127388535,0.976,0.976,0.2681318681318681,0.4747081712062257,5.5020746887966805
nms,NMS,0.027452739794769608,244,1330,6,52,250,1626,0.15501905972045743,0.976,0.976,0.2675438596491228,0.473970473970474,5.518672199170124
nms,NMS,0.027211456587344893,244,1333,6,52,250,1629,0.15472415979708307,0.976,0.976,0.2671045429666119,0.4734187039192859,5.531120331950207
nms,NMS,0.026952200581852367,244,1337,6,52,250,1633,0.15433270082226438,0.976,0.976,0.2665210267613326,0.47268500581170086,5.547717842323651
nms,NMS,0.026597767206411667,244,1341,6,52,250,1637,0.15394321766561514,0.976,0.976,0.2659400544959128,0.47195357833655704,5.564315352697095
nms,NMS,0.02623623507924614,244,1345,6,52,250,1641,0.15355569540591568,0.976,0.976,0.26536160957041877,0.47122441096948625,5.580912863070539
nms,NMS,0.02591415874934151,244,1348,6,52,250,1644,0.15326633165829145,0.976,0.976,0.26492942453854507,0.470679012345679,5.593360995850622
nms,NMS,0.025471015295121305,244,1351,6,52,250,1647,0.15297805642633228,0.976,0.976,0.2644986449864498,0.4701348747591523,5.605809128630705
nms,NMS,0.02510587926126392,244,1355,6,52,250,1651,0.15259537210756724,0.976,0.976,0.26392644672796106,0.4694113120430935,5.622406639004149
nms,NMS,0.024880691581468467,244,1359,6,52,250,1655,0.15221459762944478,0.976,0.976,0.26335671883432266,0.46868997310795235,5.639004149377594
nms,NMS,0.024660892380152302,244,1363,6,52,250,1659,0.15183571873055382,0.976,0.976,0.26278944534194937,0.46797084771768316,5.655601659751038
nms,NMS,0.02444625340767759,244,1367,6,52,250,1663,0.15145872129112353,0.976,0.976,0.2622246104245029,0.46725392569896596,5.672199170124482
nms,NMS,0.024003375128376025,244,1370,6,52,250,1666,0.15117719950433706,0.976,0.976,0.26180257510729615,0.46671767406273906,5.6846473029045645
nms,NMS,0.023860689960667748,244,1373,6,52,250,1669,0.15089672232529375,0.976,0.976,0.2613818960899839,0.46618265189147884,5.6970954356846475
nms,NMS,0.0236753998651502,244,1377,6,52,250,1673,0.15052436767427513,0.976,0.976,0.26082308925708175,0.4654711942006867,5.713692946058091
nms,NMS,0.023345141377142595,244,1380,6,52,250,1676,0.15024630541871922,0.976,0.976,0.26040554962646745,0.4649390243902439,5.726141078838174
nms,NMS,0.023200403461429403,244,1385,6,52,250,1681,0.1497851442602824,0.976,0.976,0.2597126130920702,0.46405477367820464,5.746887966804979
nms,NMS,0.022999864927988847,244,1389,6,52,250,1685,0.1494182486221678,0.976,0.976,0.2591609134360064,0.4633497911127991,5.763485477178423
nms,NMS,0.02272072113690197,244,1391,6,53,250,1688,0.1492354740061162,0.976,0.976,0.2588859416445623,0.4629981024667931,5.771784232365145
nms,NMS,0.022460882039398222,244,1394,6,53,250,1691,0.14896214896214896,0.976,0.976,0.2584745762711864,0.4624715693707354,5.784232365145228
nms,NMS,0.0220892163817053,244,1398,6,53,250,1695,0.14859926918392205,0.976,0.976,0.2579281183932347,0.4617713853141559,5.800829875518672
nms,NMS,0.02179023473488532,244,1400,6,53,250,1697,0.14841849148418493,0.976,0.976,0.25765575501583954,0.46142208774583965,5.809128630705394
nms,NMS,0.021325165565018133,244,1403,6,53,250,1700,0.14814814814814814,0.976,0.976,0.25724828676858197,0.46089913109180203,5.821576763485477
nms,NMS,0.02094104090496625,244,1407,6,53,250,1704,0.14778921865536038,0.976,0.976,0.2567069963177275,0.46020369671821953,5.838174273858921
nms,NMS,0.02061396303529963,244,1411,6,53,250,1708,0.1474320241691843,0.976,0.976,0.2561679790026247,0.4595103578154426,5.854771784232365
nms,NMS,0.020542294654530675,244,1414,6,53,250,1711,0.1471652593486128,0.976,0.976,0.2557651991614256,0.45899172310007524,5.867219917012448
nms,NMS,0.020358807419557905,244,1418,6,53,250,1715,0.14681107099879662,0.976,0.976,0.2552301255230125,0.4583020285499624,5.8838174273858925
nms,NMS,0.020059272716794186,244,1422,6,53,250,1719,0.14645858343337334,0.976,0.976,0.2546972860125261,0.4576144036009002,5.9004149377593365
nms,NMS,0.019837814106977936,244,1426,6,53,250,1723,0.14610778443113773,0.976,0.976,0.25416666666666665,0.4569288389513109,5.91701244813278
nms,NMS,0.019563877140517077,244,1430,6,53,250,1727,0.14575866188769415,0.976,0.976,0.2536382536382536,0.456245325355273,5.933609958506224
nms,NMS,0.019472210394390094,244,1432,6,53,250,1729,0.14558472553699284,0.976,0.976,0.2533748701973001,0.4559043348281016,5.941908713692946
nms,NMS,0.019150790087091623,244,1436,6,53,250,1733,0.14523809523809525,0.976,0.976,0.2528497409326425,0.4552238805970149,5.95850622406639
nms,NMS,0.01892423780167463,244,1440,6,53,250,1737,0.14489311163895488,0.976,0.976,0.25232678386763185,0.45454545454545453,5.975103734439834
nms,NMS,0.018728137961588197,244,1444,6,53,250,1741,0.14454976303317535,0.976,0.976,0.2518059855521156,0.45386904761904756,5.991701244813278
nms,NMS,0.01847832675725328,244,1448,6,53,250,1745,0.14420803782505912,0.976,0.976,0.25128733264675596,0.4531946508172363,6.008298755186722
nms,NMS,0.018288982034516177,244,1451,6,53,250,1748,0.143952802359882,0.976,0.976,0.25089974293059125,0.4526901669758812,6.020746887966805
nms,NMS,0.01816033583761747,244,1455,6,53,250,1752,0.14361389052383755,0.976,0.976,0.2503848127244741,0.4520192663949611,6.037344398340249
nms,NMS,0.01789335980477446,244,1459,6,53,250,1756,0.1432765707574868,0.976,0.976,0.24987199180747569,0.4513503514613392,6.053941908713693
nms,NMS,0.017792494827762517,244,1462,6,53,250,1759,0.14302461899179367,0.976,0.976,0.24948875255623723,0.450849963045085,6.066390041493776
nms,NMS,0.01755223534400344,244,1466,6,53,250,1763,0.14269005847953217,0.976,0.976,0.24897959183673474,0.45018450184501846,6.08298755186722
nms,NMS,0.017352730971129122,244,1470,6,53,250,1767,0.1423570595099183,0.976,0.976,0.24847250509164967,0.449521002210759,6.0995850622406635
nms,NMS,0.017158047612610243,244,1474,6,53,250,1771,0.1420256111757858,0.976,0.976,0.2479674796747967,0.448859455481972,6.1161825726141075
nms,NMS,0.017011636830342125,244,1477,6,53,250,1774,0.14177803602556652,0.976,0.976,0.24759005580923388,0.4483645718485851,6.128630705394191
nms,NMS,0.016862950397263144,244,1481,6,53,250,1778,0.14144927536231883,0.976,0.976,0.24708860759493667,0.44770642201834865,6.145228215767635
nms,NMS,0.01669199728047343,244,1485,6,53,250,1782,0.14112203585887798,0.976,0.976,0.246589186457807,0.4470502015390253,6.161825726141079
nms,NMS,0.01637028113276523,244,1488,6,53,250,1785,0.14087759815242495,0.976,0.976,0.24621594349142278,0.44655929721815524,6.174273858921162
nms,NMS,0.015901488768747016,244,1491,6,53,250,1788,0.14063400576368876,0.976,0.976,0.24584382871536523,0.44606946983546614,6.186721991701245
nms,NMS,0.015713263556931555,244,1495,6,53,250,1792,0.1403105232892467,0.976,0.976,0.24534942182001007,0.4454180357794816,6.203319502074689
nms,NMS,0.01555044634321333,244,1499,6,53,250,1796,0.1399885255306942,0.976,0.976,0.24485699949824383,0.4447685016405396,6.219917012448133
nms,NMS,0.015130657948600877,244,1503,6,53,250,1800,0.13966800228963938,0.976,0.976,0.24436654982473707,0.444120859119039,6.236514522821577
nms,NMS,0.014947566280319865,244,1507,6,53,250,1804,0.1393489434608795,0.976,0.976,0.24387806096951525,0.44347509996364953,6.253112033195021
nms,NMS,0.014776847252918184,244,1511,6,53,250,1808,0.13903133903133902,0.976,0.976,0.24339152119700744,0.44283121597096187,6.269709543568465
nms,NMS,0.014471669670416432,244,1515,6,53,250,1812,0.13871517907902217,0.976,0.976,0.242906918865107,0.44218919898513953,6.286307053941909
nms,NMS,0.014224351948196741,244,1517,6,54,250,1815,0.13855763770584895,0.976,0.976,0.24266534062655395,0.44186888808402747,6.2946058091286305
nms,NMS,0.013938953696544675,244,1521,6,54,250,1819,0.13824362606232293,0.976,0.976,0.24218362282878408,0.4412296564195298,6.3112033195020745
nms,NMS,0.013836342149180418,244,1524,6,54,250,1822,0.13800904977375567,0.976,0.976,0.24182358771060458,0.4407514450867052,6.323651452282157
nms,NMS,0.013561385244748465,244,1528,6,54,250,1826,0.13769751693002258,0.976,0.976,0.24134520276953517,0.4401154401154401,6.340248962655601
nms,NMS,0.013342857568325319,244,1532,6,54,250,1830,0.1373873873873874,0.976,0.976,0.24086870681145114,0.43948126801152737,6.356846473029045
nms,NMS,0.013171516290128369,244,1534,6,54,250,1832,0.1372328458942632,0.976,0.976,0.24063116370808682,0.43916486681065514,6.365145228215767
nms,NMS,0.013048125857313644,244,1538,6,54,250,1836,0.13692480359147025,0.976,0.976,0.24015748031496062,0.43853342918763477,6.381742738589212
nms,NMS,0.012952215232551963,244,1542,6,54,250,1840,0.1366181410974244,0.976,0.976,0.23968565815324164,0.4379038047379755,6.398340248962656
nms,NMS,0.012639310653218223,244,1546,6,54,250,1844,0.13631284916201117,0.976,0.976,0.23921568627450981,0.4372759856630824,6.4149377593361
nms,NMS,0.012490772492543297,244,1551,6,54,250,1849,0.13593314763231198,0.976,0.976,0.2386308068459658,0.43649373881932024,6.435684647302905
nms,NMS,0.012382416981939827,244,1554,6,54,250,1852,0.135706340378198,0.976,0.976,0.23828125000000003,0.4360257326661901,6.448132780082988
nms,NMS,0.012277147675969222,244,1558,6,54,250,1856,0.13540510543840178,0.976,0.976,0.23781676413255365,0.4354032833690221,6.464730290456432
nms,NMS,0.012001218698356481,244,1562,6,54,250,1860,0.13510520487264674,0.976,0.976,0.23735408560311289,0.43478260869565216,6.481327800829876
nms,NMS,0.011818326548460443,244,1565,6,54,250,1863,0.13488114980652294,0.976,0.976,0.23700825643516266,0.4343182627269491,6.4937759336099585
nms,NMS,0.011704432565541113,244,1568,6,54,250,1866,0.1346578366445916,0.976,0.976,0.23666343355965083,0.43385490753911804,6.5062240663900415
nms,NMS,0.011450695233497659,244,1572,6,54,250,1870,0.1343612334801762,0.976,0.976,0.23620522749273953,0.43323863636363635,6.522821576763485
nms,NMS,0.011312508183932026,244,1574,6,54,250,1872,0.1342134213421342,0.976,0.976,0.2359767891682785,0.432931156848829,6.531120331950207
nms,NMS,0.011247529861834311,245,1576,5,54,250,1875,0.13454146073585943,0.98,0.98,0.23660067600193144,0.4342431761786601,6.539419087136929
nms,NMS,0.011084530330997143,245,1580,5,54,250,1879,0.13424657534246576,0.98,0.98,0.23614457831325303,0.4336283185840708,6.556016597510373
nms,NMS,0.010938648957788533,245,1584,5,54,250,1883,0.13395297977036633,0.98,0.98,0.23569023569023573,0.4330151997172146,6.572614107883817
nms,NMS,0.01067905746638453,245,1588,5,54,250,1887,0.1336606655755592,0.98,0.98,0.23523763802208353,0.43240381221320157,6.589211618257261
nms,NMS,0.01042172687152016,245,1592,5,54,250,1891,0.13336962438758845,0.98,0.98,0.23478677527551509,0.43179414874867816,6.605809128630705
nms,NMS,0.010323008326569653,245,1595,5,54,250,1894,0.1331521739130435,0.98,0.98,0.23444976076555024,0.4313380281690141,6.618257261410788
nms,NMS,0.010118412928619053,245,1597,5,54,250,1896,0.13300760043431054,0.98,0.98,0.23422562141491393,0.4310344827586207,6.626556016597511
nms,NMS,0.009953634960853093,245,1601,5,54,250,1900,0.13271939328277357,0.98,0.98,0.23377862595419852,0.43042867182009836,6.643153526970955
nms,NMS,0.009787443827663124,245,1605,5,54,250,1904,0.13243243243243244,0.98,0.98,0.23333333333333336,0.42982456140350883,6.659751037344399
nms,NMS,0.009590154551135538,245,1608,5,54,250,1907,0.13221802482460873,0.98,0.98,0.2330004755111745,0.429372590255871,6.672199170124482
nms,NMS,0.009533816975598259,245,1611,5,54,250,1910,0.1320043103448276,0.98,0.98,0.23266856600189936,0.428921568627451,6.6846473029045645
nms,NMS,0.009413744574744174,245,1615,5,54,250,1914,0.13172043010752688,0.98,0.98,0.23222748815165875,0.42832167832167833,6.7012448132780085
nms,NMS,0.009230892162020093,245,1619,5,54,250,1918,0.13143776824034334,0.98,0.98,0.23178807947019867,0.4277234636871508,6.717842323651452
nms,NMS,0.009106620979990671,245,1623,5,54,250,1922,0.1311563169164882,0.98,0.98,0.23135033050047216,0.42712691771269173,6.734439834024896
nms,NMS,0.008898586907600427,245,1627,5,54,250,1926,0.13087606837606838,0.98,0.98,0.23091423185673896,0.42653203342618384,6.75103734439834
nms,NMS,0.008702429785485471,245,1631,5,54,250,1930,0.13059701492537312,0.98,0.98,0.23047977422389457,0.4259388038942976,6.767634854771784
nms,NMS,0.008672489027833076,245,1634,5,54,250,1933,0.1303885045236828,0.98,0.98,0.23015500234852043,0.4254949635290031,6.780082987551867
nms,NMS,0.008348536762404586,245,1637,5,54,250,1936,0.1301806588735388,0.98,0.98,0.22983114446529085,0.4250520471894518,6.79253112033195
nms,NMS,0.008285021409444017,245,1641,5,54,250,1940,0.12990455991516436,0.98,0.98,0.22940074906367042,0.42446292446292444,6.809128630705394
nms,NMS,0.008163715723221691,245,1645,5,54,250,1944,0.12962962962962962,0.98,0.98,0.22897196261682246,0.42387543252595156,6.825726141078838
nms,NMS,0.007955722990496506,245,1649,5,54,250,1948,0.1293558606124604,0.98,0.98,0.228544776119403,0.42328956461644784,6.842323651452282
nms,NMS,0.007907075086679895,245,1653,5,54,250,1952,0.1290832455216017,0.98,0.98,0.2281191806331471,0.4227053140096619,6.858921161825726
nms,NMS,0.0077514620057230685,245,1657,5,54,250,1956,0.1288117770767613,0.98,0.98,0.22769516728624536,0.4221226740179187,6.875518672199171
nms,NMS,0.007715961003599184,245,1661,5,54,250,1960,0.1285414480587618,0.98,0.98,0.22727272727272724,0.42154163799036476,6.8921161825726145
nms,NMS,0.007616570481459275,245,1665,5,54,250,1964,0.12827225130890052,0.98,0.98,0.22685185185185186,0.4209621993127148,6.908713692946058
nms,NMS,0.007467575010520915,246,1668,4,54,250,1968,0.12852664576802508,0.984,0.984,0.22735674676524956,0.4221002059025395,6.921161825726141
nms,NMS,0.0074117444232809455,246,1671,4,54,250,1971,0.12832550860719874,0.984,0.984,0.22704199353945545,0.4216660953033939,6.933609958506224
nms,NMS,0.007326521959230203,246,1674,4,54,250,1974,0.128125,0.984,0.984,0.22672811059907833,0.4212328767123288,6.946058091286307
nms,NMS,0.007265444078045664,246,1677,4,54,250,1977,0.12792511700468018,0.984,0.984,0.22641509433962265,0.42080054738282585,6.95850622406639
nms,NMS,0.007218902130580785,246,1681,4,54,250,1981,0.1276595744680851,0.984,0.984,0.22599908130454754,0.4202254868466006,6.975103734439834
nms,NMS,0.007162266076276572,246,1684,4,54,250,1984,0.12746113989637306,0.984,0.984,0.22568807339449545,0.4197952218430034,6.987551867219917
nms,NMS,0.007088783154423195,246,1688,4,54,250,1988,0.12719751809720786,0.984,0.984,0.22527472527472528,0.41922290388548056,7.004149377593361
nms,NMS,0.006967813763695177,246,1692,4,54,250,1992,0.12693498452012383,0.984,0.984,0.22486288848263256,0.41865214431586106,7.020746887966805
nms,NMS,0.006857346453690731,246,1696,4,54,250,1996,0.1266735324407827,0.984,0.984,0.22445255474452555,0.41808293677770225,7.037344398340249
nms,NMS,0.006769497824373889,246,1699,4,54,250,1999,0.12647814910025706,0.984,0.984,0.22414578587699313,0.41765704584040747,7.049792531120332
nms,NMS,0.006601925756895186,246,1703,4,54,250,2003,0.12621857362750127,0.984,0.984,0.22373806275579808,0.4170905391658189,7.066390041493776
nms,NMS,0.006383274170925046,246,1707,4,54,250,2007,0.1259600614439324,0.984,0.984,0.22333182024512024,0.41652556721977657,7.08298755186722
nms,NMS,0.006357568088147076,246,1710,4,54,250,2010,0.12576687116564417,0.984,0.984,0.2230281051677244,0.4161028416779431,7.095435684647303
nms,NMS,0.006279230084290666,246,1714,4,54,250,2014,0.12551020408163266,0.984,0.984,0.22262443438914029,0.41554054054054057,7.1120331950207465
nms,NMS,0.0060856092321588595,246,1718,4,54,250,2018,0.12525458248472504,0.984,0.984,0.22222222222222218,0.4149797570850202,7.128630705394191
nms,NMS,0.006018546197922553,246,1721,4,54,250,2021,0.12506354855109303,0.984,0.984,0.2219215155615697,0.4145601617795753,7.141078838174274
nms,NMS,0.005966324413170632,246,1724,4,54,250,2024,0.12487309644670051,0.984,0.984,0.22162162162162166,0.4141414141414141,7.153526970954357
nms,NMS,0.005848841931662213,246,1728,4,54,250,2028,0.12462006079027356,0.984,0.984,0.2212230215827338,0.4135843981170142,7.170124481327801
nms,NMS,0.005832516457915938,246,1732,4,54,250,2032,0.1243680485338726,0.984,0.984,0.22082585278276481,0.41302887844190733,7.186721991701245
nms,NMS,0.0057985457367684765,246,1736,4,54,250,2036,0.124117053481332,0.984,0.984,0.22043010752688172,0.41247484909456744,7.203319502074689
nms,NMS,0.005766979464315273,246,1740,4,54,250,2040,0.12386706948640483,0.984,0.984,0.22003577817531306,0.4119223040857334,7.219917012448133
nms,NMS,0.0056448110923368955,246,1743,4,54,250,2043,0.12368024132730016,0.984,0.984,0.21974095578383207,0.4115088658414185,7.232365145228216
nms,NMS,0.005545308321539189,246,1746,4,54,250,2046,0.12349397590361445,0.984,0.984,0.21944692239072255,0.411096256684492,7.244813278008299
nms,NMS,0.005454458300876053,246,1749,4,54,250,2049,0.12330827067669173,0.984,0.984,0.21915367483296214,0.41068447412353926,7.257261410788382
nms,NMS,0.005312140289998004,246,1753,4,54,250,2053,0.12306153076538269,0.984,0.984,0.2187638950644731,0.4101367122374125,7.273858921161826
nms,NMS,0.005080875718133145,246,1757,4,54,250,2057,0.12281577633549676,0.984,0.984,0.21837549933422107,0.4095904095904096,7.29045643153527
nms,NMS,0.0047928714553973125,246,1760,4,55,250,2061,0.1226321036889332,0.984,0.984,0.21808510638297868,0.40918163672654695,7.3029045643153525
nms,NMS,0.004588000414930156,246,1764,4,55,250,2065,0.12238805970149254,0.984,0.984,0.21769911504424777,0.40863787375415284,7.319502074688796
nms,NMS,0.004528660581154188,246,1768,4,55,250,2069,0.1221449851042701,0.984,0.984,0.21731448763250882,0.4080955540809555,7.33609958506224
nms,NMS,0.0044050333617621186,246,1772,4,55,250,2073,0.12190287413280476,0.984,0.984,0.21693121693121695,0.40755467196819084,7.352697095435684
nms,NMS,0.0042653619993327264,246,1776,4,55,250,2077,0.12166172106824925,0.984,0.984,0.21654929577464785,0.40701522170747856,7.369294605809128
nms,NMS,0.0040469127579892995,246,1778,4,55,250,2079,0.12154150197628459,0.984,0.984,0.21635883905013192,0.4067460317460318,7.377593360995851
nms,NMS,0.00392983225351436,246,1782,4,55,250,2083,0.12130177514792899,0.984,0.984,0.2159789288849868,0.4062087186261559,7.394190871369295
nms,NMS,0.0038658110072766314,246,1785,4,55,250,2086,0.12112259970457903,0.984,0.984,0.21569487067075846,0.40580666446717256,7.406639004149378
nms,NMS,0.0036683142031611413,246,1789,4,55,250,2090,0.12088452088452088,0.984,0.984,0.21531728665207878,0.4052718286655684,7.423236514522822
nms,NMS,0.0035826853844073067,246,1792,4,55,250,2093,0.12070657507360157,0.984,0.984,0.21503496503496503,0.4048716260697827,7.435684647302905
nms,NMS,0.003484732600822706,246,1797,4,55,250,2098,0.12041116005873716,0.984,0.984,0.21456607064980376,0.40420637528754516,7.45643153526971
nms,NMS,0.0034011598429071273,246,1801,4,55,250,2102,0.12017586712261846,0.984,0.984,0.21419242490204612,0.4036757466360355,7.473029045643154
nms,NMS,0.0033160731933330103,246,1804,4,55,250,2105,0.12,0.984,0.984,0.21391304347826084,0.40327868852459015,7.485477178423237
nms,NMS,0.003200532138698892,246,1807,4,55,250,2108,0.11982464685825621,0.984,0.984,0.21363438992618322,0.4028824107435309,7.4979253112033195
nms,NMS,0.0030766852464927667,246,1811,4,55,250,2112,0.11959163830821584,0.984,0.984,0.2132639791937581,0.4023552502453386,7.514522821576763
nms,NMS,0.0029993892163466757,246,1815,4,55,250,2116,0.11935953420669577,0.984,0.984,0.21289485071397662,0.40182946749428294,7.531120331950207
nms,NMS,0.002747483255383114,246,1819,4,55,250,2120,0.11912832929782083,0.984,0.984,0.21252699784017276,0.401305057096248,7.547717842323651
nms,NMS,0.0026991434208700864,246,1822,4,56,250,2124,0.11895551257253385,0.984,0.984,0.21225194132873165,0.40091264667535853,7.560165975103734
nms,NMS,0.002595532420700364,246,1825,4,56,250,2127,0.11878319652341864,0.984,0.984,0.21197759586385176,0.4005210029306415,7.572614107883817
nms,NMS,0.002455627812115313,246,1828,4,56,250,2130,0.11861137897782063,0.984,0.984,0.21170395869191047,0.40013012361743655,7.5850622406639
nms,NMS,0.002348695496617974,246,1831,4,56,250,2133,0.11844005777563794,0.984,0.984,0.21143102707348518,0.39974000649983754,7.597510373443983
nms,NMS,0.0022883151184252526,246,1834,4,56,250,2136,0.11826923076923077,0.984,0.984,0.21115879828326178,0.3993506493506493,7.609958506224066
nms,NMS,0.002254381130781349,246,1838,4,56,250,2140,0.118042226487524,0.984,0.984,0.21079691516709512,0.39883268482490275,7.626556016597511
nms,NMS,0.002199943215336067,246,1841,4,56,250,2143,0.11787254432199329,0.984,0.984,0.2105263157894737,0.39844509232264325,7.639004149377594
nms,NMS,0.0021575295513001336,246,1844,4,56,250,2146,0.11770334928229666,0.984,0.984,0.21025641025641023,0.3980582524271845,7.651452282157677
nms,NMS,0.002113549105481917,246,1846,4,56,250,2148,0.11759082217973231,0.984,0.984,0.21007685738684884,0.3978007761966365,7.659751037344399
nms,NMS,0.0020569868173902876,246,1850,4,56,250,2152,0.11736641221374046,0.984,0.984,0.20971867007672634,0.3972868217054264,7.676348547717843
nms,NMS,0.0020160145614797633,246,1854,4,56,250,2156,0.11714285714285715,0.984,0.984,0.20936170212765956,0.3967741935483871,7.6929460580912865
nms,NMS,0.0019726906218907898,246,1857,4,56,250,2159,0.11697574893009986,0.984,0.984,0.20909477263068424,0.39639058975185304,7.7053941908713695
nms,NMS,0.0019461943762828849,246,1860,4,56,250,2162,0.1168091168091168,0.984,0.984,0.20882852292020374,0.39600772698003855,7.717842323651452
nms,NMS,0.001872652391628509,246,1864,4,56,250,2166,0.11658767772511848,0.984,0.984,0.20847457627118643,0.3954983922829582,7.734439834024896
nms,NMS,0.0018338413279289322,246,1868,4,56,250,2170,0.11636707663197729,0.984,0.984,0.2081218274111675,0.3949903660886319,7.75103734439834
nms,NMS,0.0017925732329916115,246,1872,4,56,250,2174,0.11614730878186968,0.984,0.984,0.20777027027027029,0.3944836433611289,7.767634854771784
nms,NMS,0.0017603134987763639,246,1875,4,56,250,2177,0.11598302687411598,0.984,0.984,0.2075073808519612,0.39410445370073693,7.780082987551867
nms,NMS,0.001561323373793504,246,1877,4,56,250,2179,0.11587376354215732,0.984,0.984,0.20733249051833122,0.393852065321806,7.788381742738589
nms,NMS,0.0015503797048652388,246,1881,4,56,250,2183,0.1156558533145275,0.984,0.984,0.2069835927639882,0.3933482571154461,7.804979253112033
nms,NMS,0.0015021979624922231,246,1883,4,56,250,2185,0.11554720526068576,0.984,0.984,0.20680958385876416,0.39309683604985624,7.813278008298755
nms,NMS,0.001457795069442326,246,1886,4,56,250,2188,0.11538461538461539,0.984,0.984,0.20654911838790932,0.39272030651340994,7.825726141078838
nms,NMS,0.001430028818527076,246,1890,4,56,250,2192,0.1151685393258427,0.984,0.984,0.20620284995808882,0.39221938775510207,7.842323651452282
nms,NMS,0.001392839167946835,246,1892,4,56,250,2194,0.11506080449017773,0.984,0.984,0.20603015075376885,0.39196940726577434,7.850622406639004
nms,NMS,0.001331380804455748,246,1895,4,56,250,2197,0.11489957963568426,0.984,0.984,0.20577164366373904,0.3915950334288443,7.863070539419087
nms,NMS,0.0012468739978059016,246,1899,4,56,250,2201,0.11468531468531469,0.984,0.984,0.20542797494780796,0.3910969793322735,7.8796680497925315
nms,NMS,0.0010816725251330626,246,1903,4,56,250,2205,0.11447184737087017,0.984,0.984,0.2050854522717799,0.3906001905366783,7.8962655601659755
nms,NMS,0.0009507745897826995,246,1906,4,56,250,2208,0.11431226765799256,0.984,0.984,0.20482930890924225,0.3902284263959391,7.908713692946058
nms,NMS,0.000893648447106566,246,1910,4,56,250,2212,0.11410018552875696,0.984,0.984,0.20448877805486287,0.38973384030418257,7.925311203319502
nms,NMS,0.0008463562288284563,246,1914,4,56,250,2216,0.11388888888888889,0.984,0.984,0.204149377593361,0.38924050632911394,7.941908713692946
nms,NMS,0.0007981716926170634,246,1916,4,56,250,2218,0.11378353376503238,0.984,0.984,0.20398009950248758,0.38899430740037955,7.950207468879668
nms,NMS,0.000732256901538832,246,1920,4,56,250,2222,0.11357340720221606,0.984,0.984,0.20364238410596025,0.38850284270372704,7.966804979253112
nms,NMS,0.0006952465488873121,246,1924,4,56,250,2226,0.11336405529953918,0.984,0.984,0.20330578512396694,0.38801261829652994,7.983402489626556
nms,NMS,0.0006666707892285188,246,1927,4,56,250,2229,0.11320754716981132,0.984,0.984,0.20305406520841932,0.3876457611093603,7.995850622406639
nms,NMS,0.00061644537776434,246,1931,4,56,250,2233,0.11299954065227377,0.984,0.984,0.20271940667490732,0.3871576959395656,8.012448132780083
nms,NMS,0.000595068681284973,246,1934,4,56,250,2236,0.11284403669724771,0.984,0.984,0.20246913580246917,0.3867924528301887,8.024896265560166
nms,NMS,0.0004921162812681471,246,1938,4,56,250,2240,0.11263736263736264,0.984,0.984,0.20213640098603122,0.38630653266331655,8.04149377593361
nms,NMS,0.0004278604971485503,246,1941,4,56,250,2243,0.11248285322359397,0.984,0.984,0.2018875666803447,0.385942893002824,8.053941908713693
nms,NMS,0.0003556468120951081,246,1944,4,56,250,2246,0.11232876712328767,0.984,0.984,0.20163934426229507,0.3855799373040753,8.066390041493776
nms,NMS,0.00019255959272499303,246,1948,4,56,250,2250,0.11212397447584321,0.984,0.984,0.20130932896890347,0.385097056981841,8.08298755186722
nms,NMS,7.07319255320958e-05,246,1952,4,56,250,2254,0.11191992720655142,0.984,0.984,0.20098039215686275,0.38461538461538464,8.099585062240664
nms,NMS,7.07309255320958e-05,246,1952,4,56,250,2254,0.11191992720655142,0.984,0.984,0.20098039215686275,0.38461538461538464,8.099585062240664
