technique,technique_label,threshold,TP,FP,FN,IGNORED,GT,detections,precision,recall,sensitivity,F1,F2,fp_per_image
nms,NMS,0.9999998951737755,0,0,250,0,250,0,1.0,0.0,0.0,0.0,0.0,0.0
nms,NMS,0.9999998941737755,1,0,249,0,250,1,1.0,0.004,0.004,0.00796812749003984,0.004995004995004996,0.0
nms,NMS,0.9999979106176803,5,0,245,0,250,5,1.0,0.02,0.02,0.0392156862745098,0.02487562189054727,0.0
nms,NMS,0.9997325971131339,9,0,241,0,250,9,1.0,0.036,0.036,0.06949806949806948,0.0445986124876115,0.0
nms,NMS,0.9939008999952484,13,0,237,0,250,13,1.0,0.052,0.052,0.0988593155893536,0.06416584402764068,0.0
nms,NMS,0.9922250302021927,16,0,234,0,250,16,1.0,0.064,0.064,0.12030075187969924,0.07874015748031496,0.0
nms,NMS,0.9907860548798334,20,0,230,0,250,20,1.0,0.08,0.08,0.14814814814814814,0.09803921568627451,0.0
nms,NMS,0.9894400310871506,23,1,227,0,250,24,0.9583333333333334,0.092,0.092,0.16788321167883213,0.1123046875,0.004149377593360996
nms,NMS,0.9883910690247305,27,1,223,0,250,28,0.9642857142857143,0.108,0.108,0.19424460431654678,0.13132295719844356,0.004149377593360996
nms,NMS,0.9866137746505284,30,1,220,0,250,31,0.967741935483871,0.12,0.12,0.21352313167259784,0.1454898157129001,0.004149377593360996
nms,NMS,0.9847028111753524,34,1,216,0,250,35,0.9714285714285714,0.136,0.136,0.23859649122807017,0.1642512077294686,0.004149377593360996
nms,NMS,0.9831529876928985,37,2,213,0,250,39,0.9487179487179487,0.148,0.148,0.2560553633217993,0.178055822906641,0.008298755186721992
nms,NMS,0.9817652968438633,41,2,209,0,250,43,0.9534883720930233,0.164,0.164,0.27986348122866894,0.1965484180249281,0.008298755186721992
nms,NMS,0.980946783942409,43,4,207,0,250,47,0.9148936170212766,0.172,0.172,0.2895622895622895,0.2053486150907354,0.016597510373443983
nms,NMS,0.9783514467933456,44,6,206,1,250,51,0.88,0.176,0.176,0.2933333333333333,0.2095238095238095,0.024896265560165973
nms,NMS,0.9765353129721641,46,8,204,1,250,55,0.8518518518518519,0.184,0.184,0.3026315789473684,0.21821631878557876,0.03319502074688797
nms,NMS,0.9747376288619113,48,10,202,1,250,59,0.8275862068965517,0.192,0.192,0.3116883116883117,0.22684310018903592,0.04149377593360996
nms,NMS,0.9704293348155898,51,11,199,1,250,63,0.8225806451612904,0.204,0.204,0.32692307692307687,0.24011299435028244,0.04564315352697095
nms,NMS,0.9682972455219554,54,12,196,1,250,67,0.8181818181818182,0.216,0.216,0.34177215189873417,0.25328330206378985,0.04979253112033195
nms,NMS,0.9666266367809753,57,13,193,1,250,71,0.8142857142857143,0.228,0.228,0.35625,0.26635514018691586,0.05394190871369295
nms,NMS,0.9651331355549434,60,14,190,1,250,75,0.8108108108108109,0.24,0.24,0.3703703703703704,0.2793296089385475,0.058091286307053944
nms,NMS,0.9629095902898336,64,14,186,1,250,79,0.8205128205128205,0.256,0.256,0.3902439024390244,0.29684601113172543,0.058091286307053944
nms,NMS,0.9595459398259107,66,15,184,1,250,82,0.8148148148148148,0.264,0.264,0.39879154078549855,0.30527289546716,0.06224066390041494
nms,NMS,0.9567893623330749,68,16,182,1,250,85,0.8095238095238095,0.272,0.272,0.407185628742515,0.3136531365313653,0.06639004149377593
nms,NMS,0.9532962659881051,72,16,178,1,250,89,0.8181818181818182,0.288,0.288,0.4260355029585799,0.3308823529411764,0.06639004149377593
nms,NMS,0.9496421719961755,76,17,174,1,250,94,0.8172043010752689,0.304,0.304,0.44314868804664725,0.34766697163769444,0.07053941908713693
nms,NMS,0.9433534323468452,79,18,171,1,250,98,0.8144329896907216,0.316,0.316,0.45533141210374645,0.3600729261622607,0.07468879668049792
nms,NMS,0.9399230278836559,81,19,169,1,250,101,0.81,0.324,0.324,0.4628571428571428,0.3681818181818182,0.07883817427385892
nms,NMS,0.9371430689537565,83,21,167,1,250,105,0.7980769230769231,0.332,0.332,0.46892655367231634,0.37590579710144933,0.08713692946058091
nms,NMS,0.9329648659370164,84,24,166,1,250,109,0.7777777777777778,0.336,0.336,0.46927374301675984,0.37906137184115524,0.0995850622406639
nms,NMS,0.9286529841400237,87,23,163,3,250,113,0.7909090909090909,0.348,0.348,0.4833333333333333,0.3918918918918919,0.0954356846473029
nms,NMS,0.9258988426189428,88,25,162,3,250,116,0.7787610619469026,0.352,0.352,0.4848484848484848,0.39532794249775377,0.1037344398340249
nms,NMS,0.9216134151293855,90,27,160,3,250,120,0.7692307692307693,0.36,0.36,0.4904632152588556,0.4028648164726947,0.11203319502074689
nms,NMS,0.9204641442942859,94,27,156,3,250,124,0.7768595041322314,0.376,0.376,0.5067385444743936,0.41926851025869766,0.11203319502074689
nms,NMS,0.9126092315472565,98,27,152,3,250,128,0.784,0.392,0.392,0.5226666666666667,0.43555555555555553,0.11203319502074689
nms,NMS,0.9061190793998745,100,29,150,3,250,132,0.7751937984496124,0.4,0.4,0.5277044854881268,0.4428697962798937,0.12033195020746888
nms,NMS,0.899144568909693,102,31,148,3,250,136,0.7669172932330827,0.408,0.408,0.5326370757180156,0.4501323918799646,0.12863070539419086
nms,NMS,0.8966325720885487,104,31,146,4,250,139,0.7703703703703704,0.416,0.416,0.5402597402597403,0.4581497797356828,0.12863070539419086
nms,NMS,0.8930031790699182,107,32,143,4,250,143,0.7697841726618705,0.428,0.428,0.5501285347043702,0.4697102721685689,0.13278008298755187
nms,NMS,0.8879958586084016,108,35,142,4,250,147,0.7552447552447552,0.432,0.432,0.549618320610687,0.47244094488188976,0.14522821576763487
nms,NMS,0.8811430680326077,111,36,139,4,250,151,0.7551020408163265,0.444,0.444,0.5591939546599497,0.4838709677419355,0.14937759336099585
nms,NMS,0.8737288081391686,111,40,139,4,250,155,0.7350993377483444,0.444,0.444,0.5536159600997507,0.48218940052128584,0.16597510373443983
nms,NMS,0.8660081760109669,113,41,137,5,250,159,0.7337662337662337,0.452,0.452,0.5594059405940593,0.4896013864818024,0.17012448132780084
nms,NMS,0.8579042635272474,115,42,135,6,250,163,0.732484076433121,0.46,0.46,0.5651105651105651,0.4969749351771824,0.17427385892116182
nms,NMS,0.853285477486579,116,43,134,8,250,167,0.7295597484276729,0.464,0.464,0.567237163814181,0.5004314063848145,0.17842323651452283
nms,NMS,0.8473727633795022,119,44,131,8,250,171,0.7300613496932515,0.476,0.476,0.5762711864406779,0.5116079105760962,0.1825726141078838
nms,NMS,0.8437104444033487,122,44,128,8,250,174,0.7349397590361446,0.488,0.488,0.5865384615384616,0.5231560891938251,0.1825726141078838
nms,NMS,0.8400256918203662,122,47,128,8,250,177,0.7218934911242604,0.488,0.488,0.5823389021479712,0.5218135158254918,0.1950207468879668
nms,NMS,0.839141215747981,125,47,125,10,250,182,0.7267441860465116,0.5,0.5,0.5924170616113744,0.5332764505119454,0.1950207468879668
nms,NMS,0.8351894186766543,126,49,124,11,250,186,0.72,0.504,0.504,0.5929411764705882,0.5361702127659574,0.2033195020746888
nms,NMS,0.8287570264541899,127,52,123,11,250,190,0.7094972067039106,0.508,0.508,0.592074592074592,0.5385920271416456,0.2157676348547718
nms,NMS,0.826921191649099,129,54,121,11,250,194,0.7049180327868853,0.516,0.516,0.5958429561200923,0.5452240067624683,0.22406639004149378
nms,NMS,0.8227713325325323,131,54,119,11,250,196,0.7081081081081081,0.524,0.524,0.6022988505747128,0.5527426160337553,0.22406639004149378
nms,NMS,0.8192760789858681,134,55,116,11,250,200,0.708994708994709,0.536,0.536,0.6104783599088839,0.5634987384356602,0.22821576763485477
nms,NMS,0.8155480365167042,136,57,114,11,250,204,0.7046632124352331,0.544,0.544,0.6139954853273139,0.5699916177703269,0.23651452282157676
nms,NMS,0.8091664856414992,138,58,112,11,250,207,0.7040816326530612,0.552,0.552,0.6188340807174888,0.5769230769230769,0.24066390041493776
nms,NMS,0.8056425611515687,141,59,109,11,250,211,0.705,0.564,0.564,0.6266666666666666,0.5874999999999999,0.24481327800829875
nms,NMS,0.7980304868600427,143,61,107,11,250,215,0.7009803921568627,0.572,0.572,0.6299559471365639,0.5938538205980065,0.25311203319502074
nms,NMS,0.7941408211113974,146,62,104,11,250,219,0.7019230769230769,0.584,0.584,0.6375545851528385,0.6043046357615893,0.2572614107883817
nms,NMS,0.7865646111807372,147,65,103,11,250,223,0.6933962264150944,0.588,0.588,0.6363636363636364,0.6064356435643564,0.2697095435684647
nms,NMS,0.7794617760964772,149,67,101,11,250,227,0.6898148148148148,0.596,0.596,0.6394849785407725,0.6126644736842105,0.27800829875518673
nms,NMS,0.7725819722338753,150,70,100,11,250,231,0.6818181818181818,0.6,0.6,0.6382978723404256,0.6147540983606556,0.29045643153526973
nms,NMS,0.761160882814579,153,70,97,12,250,235,0.6860986547085202,0.612,0.612,0.6469344608879491,0.6255110384300899,0.29045643153526973
nms,NMS,0.7555262286359958,153,74,97,12,250,239,0.6740088105726872,0.612,0.612,0.6415094339622641,0.6234718826405868,0.3070539419087137
nms,NMS,0.7452273755480318,155,76,95,12,250,243,0.670995670995671,0.62,0.62,0.6444906444906445,0.6295694557270511,0.3153526970954357
nms,NMS,0.733225071182923,155,80,95,12,250,247,0.6595744680851063,0.62,0.62,0.6391752577319586,0.6275303643724697,0.33195020746887965
nms,NMS,0.7231227750714945,157,81,93,12,250,250,0.6596638655462185,0.628,0.628,0.6434426229508197,0.6340872374798061,0.3360995850622407
nms,NMS,0.7141977190125951,157,84,93,12,250,253,0.6514522821576764,0.628,0.628,0.639511201629328,0.6325543916196615,0.34854771784232363
nms,NMS,0.7104976290944734,159,86,91,12,250,257,0.6489795918367347,0.636,0.636,0.6424242424242426,0.6385542168674699,0.35684647302904565
nms,NMS,0.7039743848487567,161,87,89,13,250,261,0.6491935483870968,0.644,0.644,0.6465863453815262,0.6450320512820512,0.36099585062240663
nms,NMS,0.69784558399383,161,91,89,13,250,265,0.6388888888888888,0.644,0.644,0.6414342629482072,0.6429712460063898,0.3775933609958506
nms,NMS,0.6895887398485777,162,95,88,13,250,270,0.6303501945525292,0.648,0.648,0.6390532544378698,0.6443914081145584,0.3941908713692946
nms,NMS,0.6820703373946015,164,96,86,14,250,274,0.6307692307692307,0.656,0.656,0.6431372549019607,0.6507936507936508,0.3983402489626556
nms,NMS,0.6800660800785825,165,99,85,14,250,278,0.625,0.66,0.66,0.6420233463035019,0.6526898734177214,0.4107883817427386
nms,NMS,0.6766689266948024,167,101,83,14,250,282,0.6231343283582089,0.668,0.668,0.6447876447876447,0.6585173501577287,0.4190871369294606
nms,NMS,0.6700471253805034,169,101,81,14,250,284,0.6259259259259259,0.676,0.676,0.6499999999999999,0.6653543307086613,0.4190871369294606
nms,NMS,0.6655820292946266,171,103,79,14,250,288,0.6240875912408759,0.684,0.684,0.6526717557251909,0.6711145996860284,0.42738589211618255
nms,NMS,0.663161188877147,173,105,77,14,250,292,0.6223021582733813,0.692,0.692,0.6553030303030303,0.6768388106416277,0.43568464730290457
nms,NMS,0.6596104122210085,173,108,77,15,250,296,0.6156583629893239,0.692,0.692,0.6516007532956685,0.6752537080405933,0.44813278008298757
nms,NMS,0.6529051445246438,174,111,76,15,250,300,0.6105263157894737,0.696,0.696,0.6504672897196262,0.6770428015564202,0.4605809128630705
nms,NMS,0.6473830882728304,175,114,75,15,250,304,0.6055363321799307,0.7,0.7,0.6493506493506493,0.6788207913110937,0.4730290456431535
nms,NMS,0.6460887093795132,176,116,74,15,250,307,0.6027397260273972,0.704,0.704,0.6494464944649446,0.6811145510835913,0.48132780082987553
nms,NMS,0.6428386986871178,178,118,72,15,250,311,0.6013513513513513,0.712,0.712,0.652014652014652,0.6867283950617284,0.4896265560165975
nms,NMS,0.6355946724238701,178,120,72,16,250,314,0.5973154362416108,0.712,0.712,0.6496350364963505,0.6856702619414483,0.4979253112033195
nms,NMS,0.6196119595596087,178,122,72,16,250,316,0.5933333333333334,0.712,0.712,0.6472727272727272,0.6846153846153845,0.5062240663900415
nms,NMS,0.6127282534714399,178,126,72,16,250,320,0.5855263157894737,0.712,0.712,0.6425992779783394,0.6825153374233128,0.5228215767634855
nms,NMS,0.6083408293767677,180,127,70,17,250,324,0.5863192182410424,0.72,0.72,0.6463195691202872,0.6885998469778118,0.5269709543568465
nms,NMS,0.6043541253565248,181,129,69,18,250,328,0.5838709677419355,0.724,0.724,0.6464285714285715,0.6908396946564886,0.5352697095435685
nms,NMS,0.5966733421062005,183,131,67,18,250,332,0.5828025477707006,0.732,0.732,0.648936170212766,0.6963470319634704,0.5435684647302904
nms,NMS,0.5948341304530789,184,133,66,18,250,335,0.580441640378549,0.736,0.736,0.6490299823633157,0.6985573272589217,0.5518672199170125
nms,NMS,0.5901998020089742,184,137,66,18,250,339,0.573208722741433,0.736,0.736,0.6444833625218914,0.6964420893262678,0.5684647302904564
nms,NMS,0.5869456005099934,184,141,66,18,250,343,0.5661538461538461,0.736,0.736,0.6399999999999999,0.6943396226415093,0.5850622406639004
nms,NMS,0.5844910432834836,187,141,63,19,250,347,0.5701219512195121,0.748,0.748,0.6470588235294118,0.704066265060241,0.5850622406639004
nms,NMS,0.5764259654994155,189,143,61,19,250,351,0.5692771084337349,0.756,0.756,0.6494845360824741,0.7094594594594594,0.5933609958506224
nms,NMS,0.5727604472213469,191,144,59,20,250,355,0.5701492537313433,0.764,0.764,0.652991452991453,0.7153558052434457,0.5975103734439834
nms,NMS,0.5679647266440911,192,147,58,20,250,359,0.5663716814159292,0.768,0.768,0.6519524617996605,0.7169529499626588,0.6099585062240664
nms,NMS,0.563197722432384,192,151,58,20,250,363,0.5597667638483965,0.768,0.768,0.6475548060708263,0.7148175725986597,0.6265560165975104
nms,NMS,0.5580067338299143,192,154,58,20,250,366,0.5549132947976878,0.768,0.768,0.6442953020134228,0.7132243684992571,0.6390041493775933
nms,NMS,0.5525415827619296,193,155,57,21,250,369,0.5545977011494253,0.772,0.772,0.6454849498327759,0.7158753709198814,0.6431535269709544
nms,NMS,0.5484926613946167,195,157,55,21,250,373,0.5539772727272727,0.78,0.78,0.6478405315614618,0.721153846153846,0.6514522821576764
nms,NMS,0.54386062242958,196,160,54,21,250,377,0.550561797752809,0.784,0.784,0.6468646864686469,0.7227138643067847,0.6639004149377593
nms,NMS,0.5370072895113279,196,164,54,21,250,381,0.5444444444444444,0.784,0.784,0.642622950819672,0.7205882352941176,0.6804979253112033
nms,NMS,0.52914531319521,198,165,52,22,250,385,0.5454545454545454,0.792,0.792,0.6460032626427407,0.7263389581804843,0.6846473029045643
nms,NMS,0.5234950316307818,199,167,51,22,250,388,0.5437158469945356,0.796,0.796,0.6461038961038962,0.7284040995607614,0.6929460580912863
nms,NMS,0.5148152324497791,200,170,50,22,250,392,0.5405405405405406,0.8,0.8,0.6451612903225806,0.7299270072992702,0.7053941908713693
nms,NMS,0.5101514960490121,201,173,49,22,250,396,0.5374331550802139,0.804,0.804,0.6442307692307693,0.7314410480349347,0.7178423236514523
nms,NMS,0.5065601318644338,201,177,49,22,250,400,0.5317460317460317,0.804,0.804,0.6401273885350318,0.7293178519593615,0.7344398340248963
nms,NMS,0.5,201,182,49,22,250,405,0.5248041775456919,0.804,0.804,0.6350710900473935,0.7266811279826465,0.7551867219917012
nms,NMS,0.4948934739338714,201,184,49,22,250,407,0.522077922077922,0.804,0.804,0.6330708661417321,0.7256317689530686,0.7634854771784232
nms,NMS,0.48884703971886234,202,187,48,22,250,411,0.519280205655527,0.808,0.808,0.6322378716744914,0.7271418286537077,0.7759336099585062
nms,NMS,0.48144519087969,203,190,47,22,250,415,0.5165394402035624,0.812,0.812,0.6314152410575429,0.728643216080402,0.7883817427385892
nms,NMS,0.4767195869990048,203,193,47,23,250,419,0.5126262626262627,0.812,0.812,0.628482972136223,0.7270773638968482,0.8008298755186722
nms,NMS,0.4705791410577989,206,194,44,23,250,423,0.515,0.824,0.824,0.6338461538461538,0.7357142857142857,0.8049792531120332
nms,NMS,0.4656814751912094,208,195,42,24,250,427,0.5161290322580645,0.832,0.832,0.6370597243491577,0.7412687099073414,0.8091286307053942
nms,NMS,0.4587399897750556,209,198,41,24,250,431,0.5135135135135135,0.836,0.836,0.6362252663622526,0.7427149964463399,0.8215767634854771
nms,NMS,0.4537546538387952,209,202,41,24,250,435,0.5085158150851582,0.836,0.836,0.6323751891074131,0.7406094968107726,0.8381742738589212
nms,NMS,0.45010836224964174,210,205,40,24,250,439,0.5060240963855421,0.84,0.84,0.631578947368421,0.7420494699646644,0.8506224066390041
nms,NMS,0.44575894294132445,210,209,40,24,250,443,0.5011933174224343,0.84,0.84,0.6278026905829597,0.7399577167019028,0.8672199170124482
nms,NMS,0.4433539684322153,210,213,40,24,250,447,0.49645390070921985,0.84,0.84,0.6240713224368499,0.7378777231201685,0.8838174273858921
nms,NMS,0.4426476495228448,211,215,39,25,250,451,0.4953051643192488,0.844,0.844,0.6242603550295858,0.7398316970546984,0.8921161825726142
nms,NMS,0.4394989126188441,212,218,38,25,250,455,0.4930232558139535,0.848,0.848,0.6235294117647059,0.7412587412587411,0.9045643153526971
nms,NMS,0.43707454522059985,213,220,37,25,250,458,0.49191685912240185,0.852,0.852,0.6237188872620791,0.7431960921144452,0.9128630705394191
nms,NMS,0.42942519763431286,215,222,35,25,250,462,0.4919908466819222,0.86,0.86,0.6259097525473072,0.7480862908837855,0.921161825726141
nms,NMS,0.4274378610994463,216,225,34,25,250,466,0.4897959183673469,0.864,0.864,0.6251808972503617,0.7494795281054824,0.9336099585062241
nms,NMS,0.4246575867656552,216,228,34,26,250,470,0.4864864864864865,0.864,0.864,0.6224783861671469,0.7479224376731302,0.946058091286307
nms,NMS,0.4208731061737741,216,232,34,26,250,474,0.48214285714285715,0.864,0.864,0.6189111747851004,0.7458563535911601,0.9626556016597511
nms,NMS,0.417777409545071,216,236,34,26,250,478,0.4778761061946903,0.864,0.864,0.6153846153846154,0.743801652892562,0.979253112033195
nms,NMS,0.4114701054910424,216,240,34,26,250,482,0.47368421052631576,0.864,0.864,0.6118980169971671,0.7417582417582417,0.995850622406639
nms,NMS,0.40887142786878594,216,244,34,26,250,486,0.46956521739130436,0.864,0.864,0.6084507042253521,0.7397260273972603,1.012448132780083
nms,NMS,0.4059803841781948,217,247,33,26,250,490,0.4676724137931034,0.868,0.868,0.6078431372549019,0.7411202185792348,1.0248962655601659
nms,NMS,0.4016596826097795,217,250,33,26,250,493,0.46466809421841543,0.868,0.868,0.605299860529986,0.7396046353101567,1.037344398340249
nms,NMS,0.39934180632250804,217,254,33,26,250,497,0.4607218683651805,0.868,0.868,0.6019417475728155,0.7375934738273284,1.053941908713693
nms,NMS,0.39452816572891913,218,257,32,26,250,501,0.4589473684210526,0.872,0.872,0.6013793103448275,0.7389830508474576,1.066390041493776
nms,NMS,0.3889080803539891,218,261,32,26,250,505,0.4551148225469729,0.872,0.872,0.598079561042524,0.7369844489519947,1.0829875518672198
nms,NMS,0.38137378253690424,219,262,31,28,250,509,0.4553014553014553,0.876,0.876,0.5991792065663475,0.7393652937204591,1.0871369294605808
nms,NMS,0.3783455059019988,220,265,30,28,250,513,0.4536082474226804,0.88,0.88,0.5986394557823129,0.7407407407407407,1.099585062240664
nms,NMS,0.3755704726898424,220,269,30,28,250,517,0.4498977505112474,0.88,0.88,0.5953991880920162,0.7387508394895903,1.116182572614108
nms,NMS,0.3707294331496777,220,273,30,28,250,521,0.4462474645030426,0.88,0.88,0.5921938088829071,0.7367716008037508,1.1327800829875518
nms,NMS,0.36533220913351705,220,277,30,28,250,525,0.4426559356136821,0.88,0.88,0.5890227576974565,0.7348029392117568,1.1493775933609958
nms,NMS,0.36174746200041386,220,281,30,28,250,529,0.43912175648702595,0.88,0.88,0.5858854860186419,0.732844770153231,1.16597510373444
nms,NMS,0.3597188633757866,221,283,29,29,250,533,0.4384920634920635,0.884,0.884,0.5862068965517241,0.7347074468085106,1.1742738589211619
nms,NMS,0.35748721591187477,221,288,29,29,250,538,0.43418467583497056,0.884,0.884,0.5823451910408431,0.7322730284956924,1.1950207468879668
nms,NMS,0.35144758046628827,222,291,28,29,250,542,0.4327485380116959,0.888,0.888,0.5819134993446919,0.7336417713152676,1.2074688796680497
nms,NMS,0.3469021402017814,223,293,27,29,250,545,0.4321705426356589,0.892,0.892,0.5822454308093995,0.7354881266490766,1.2157676348547717
nms,NMS,0.3416513394369948,224,296,26,29,250,549,0.4307692307692308,0.896,0.896,0.5818181818181818,0.7368421052631581,1.2282157676348548
nms,NMS,0.33658748249643616,224,300,26,29,250,553,0.42748091603053434,0.896,0.896,0.5788113695090439,0.7349081364829396,1.2448132780082988
nms,NMS,0.33270050973433635,225,302,25,29,250,556,0.4269449715370019,0.9,0.9,0.5791505791505792,0.7367387033398821,1.2531120331950207
nms,NMS,0.3273734243623133,225,306,25,29,250,560,0.423728813559322,0.9,0.9,0.5761843790012804,0.7348138471587198,1.2697095435684647
nms,NMS,0.3216947025010586,225,310,25,29,250,564,0.4205607476635514,0.9,0.9,0.5732484076433121,0.7328990228013029,1.2863070539419088
nms,NMS,0.3188054320311704,225,314,25,29,250,568,0.4174397031539889,0.9,0.9,0.5703422053231939,0.7309941520467836,1.3029045643153527
nms,NMS,0.31669180684357234,225,317,25,29,250,571,0.4151291512915129,0.9,0.9,0.5681818181818182,0.7295719844357975,1.3153526970954357
nms,NMS,0.3117793273729739,225,321,25,29,250,575,0.41208791208791207,0.9,0.9,0.5653266331658292,0.7276843467011643,1.3319502074688796
nms,NMS,0.3092120416383417,225,325,25,29,250,579,0.4090909090909091,0.9,0.9,0.5625000000000001,0.7258064516129031,1.3485477178423237
nms,NMS,0.30578526023189573,226,328,24,29,250,583,0.40794223826714804,0.904,0.904,0.5621890547263682,0.7271557271557273,1.3609958506224067
nms,NMS,0.300132893806924,227,330,23,30,250,587,0.40754039497307004,0.908,0.908,0.5625774473358116,0.7289659601798332,1.3692946058091287
nms,NMS,0.2932548562751952,227,333,23,30,250,590,0.40535714285714286,0.908,0.908,0.5604938271604939,0.7275641025641026,1.3817427385892116
nms,NMS,0.2874859180413754,228,336,22,30,250,594,0.40425531914893614,0.912,0.912,0.5601965601965602,0.7289002557544756,1.3941908713692945
nms,NMS,0.28404177227310695,228,338,22,31,250,597,0.4028268551236749,0.912,0.912,0.5588235294117646,0.7279693486590039,1.4024896265560165
nms,NMS,0.2740147661712045,228,342,22,31,250,601,0.4,0.912,0.912,0.5560975609756098,0.7261146496815287,1.4190871369294606
nms,NMS,0.27078564574020264,228,346,22,31,250,605,0.397212543554007,0.912,0.912,0.5533980582524272,0.7242693773824651,1.4356846473029046
nms,NMS,0.26970586680000536,228,349,22,31,250,608,0.3951473136915078,0.912,0.912,0.5513905683192261,0.7228915662650602,1.4481327800829875
nms,NMS,0.26536665740878984,228,353,22,31,250,612,0.3924268502581756,0.912,0.912,0.5487364620938627,0.7210626185958255,1.4647302904564314
nms,NMS,0.25955132287927685,228,357,22,31,250,616,0.38974358974358975,0.912,0.912,0.5461077844311377,0.7192429022082019,1.4813278008298756
nms,NMS,0.2542592759513949,228,360,22,31,250,619,0.3877551020408163,0.912,0.912,0.5441527446300716,0.7178841309823678,1.4937759336099585
nms,NMS,0.248598864276968,228,365,22,31,250,624,0.3844856661045531,0.912,0.912,0.5409252669039145,0.7156308851224105,1.5145228215767634
nms,NMS,0.2456565403899917,228,369,22,31,250,628,0.38190954773869346,0.912,0.912,0.538370720188902,0.7138384470882906,1.5311203319502074
nms,NMS,0.23620635664590128,228,372,22,31,250,631,0.38,0.912,0.912,0.5364705882352941,0.7125,1.5435684647302905
nms,NMS,0.23437120273179524,228,375,22,31,250,634,0.3781094527363184,0.912,0.912,0.5345838218053928,0.7111665626949469,1.5560165975103735
nms,NMS,0.23231637733952162,228,379,22,31,250,638,0.3756177924217463,0.912,0.912,0.5320886814469078,0.7093963907902925,1.5726141078838174
nms,NMS,0.23050645359252686,229,382,21,31,250,642,0.37479541734860883,0.916,0.916,0.5319396051103368,0.7107386716325264,1.5850622406639003
nms,NMS,0.22566932125583733,229,385,21,32,250,646,0.3729641693811075,0.916,0.916,0.5300925925925926,0.7094175960346963,1.5975103734439835
nms,NMS,0.22416688464848963,229,387,21,33,250,649,0.3717532467532468,0.916,0.916,0.5288683602771362,0.7085396039603961,1.6058091286307055
nms,NMS,0.22168658336001698,229,391,21,33,250,653,0.36935483870967745,0.916,0.916,0.5264367816091954,0.7067901234567902,1.6224066390041494
nms,NMS,0.2202334094555007,230,392,20,35,250,657,0.36977491961414793,0.92,0.92,0.5275229357798166,0.7090012330456228,1.6265560165975104
nms,NMS,0.21879920826375734,230,395,20,35,250,660,0.368,0.92,0.92,0.5257142857142857,0.7076923076923076,1.6390041493775933
nms,NMS,0.21662899562063206,230,398,20,36,250,664,0.3662420382165605,0.92,0.92,0.5239179954441914,0.7063882063882063,1.6514522821576763
nms,NMS,0.21369792614155333,231,401,19,36,250,668,0.36550632911392406,0.924,0.924,0.5238095238095237,0.707720588235294,1.6639004149377594
nms,NMS,0.2116634034151309,231,404,19,37,250,672,0.3637795275590551,0.924,0.924,0.5220338983050848,0.706422018348624,1.6763485477178424
nms,NMS,0.20952916413503922,231,408,19,37,250,676,0.3615023474178404,0.924,0.924,0.5196850393700787,0.7046979865771813,1.6929460580912863
nms,NMS,0.20825185397966722,231,411,19,38,250,680,0.3598130841121495,0.924,0.924,0.5179372197309418,0.7034104750304507,1.7053941908713692
nms,NMS,0.20567239815759,231,415,19,38,250,684,0.35758513931888547,0.924,0.924,0.515625,0.701701093560146,1.7219917012448134
nms,NMS,0.20263297605346775,231,418,19,38,250,687,0.3559322033898305,0.924,0.924,0.5139043381535039,0.7004244996967859,1.7344398340248963
nms,NMS,0.1993971843245154,231,422,19,38,250,691,0.3537519142419602,0.924,0.924,0.5116279069767442,0.6987295825771326,1.7510373443983402
nms,NMS,0.19757482812070196,231,426,19,38,250,695,0.3515981735159817,0.924,0.924,0.5093715545755237,0.6970428485214242,1.7676348547717842
nms,NMS,0.19405760207579165,232,429,18,38,250,699,0.35098335854765506,0.928,0.928,0.5093304061470911,0.6983744732089103,1.7800829875518671
nms,NMS,0.193173362361004,232,432,18,39,250,703,0.3493975903614458,0.928,0.928,0.5076586433260394,0.6971153846153846,1.7925311203319503
nms,NMS,0.1907631101571337,232,436,18,39,250,707,0.3473053892215569,0.928,0.928,0.5054466230936819,0.695443645083933,1.8091286307053942
nms,NMS,0.1866989734722293,232,441,18,39,250,712,0.3447251114413076,0.928,0.928,0.5027085590465873,0.6933652121936642,1.829875518672199
nms,NMS,0.18586054623693596,232,445,18,39,250,716,0.34268833087149186,0.928,0.928,0.5005393743257821,0.691711389385808,1.8464730290456433
nms,NMS,0.18433796587951673,232,449,18,39,250,720,0.3406754772393539,0.928,0.928,0.4983888292158969,0.6900654372397382,1.8630705394190872
nms,NMS,0.18140468803246526,232,453,18,39,250,724,0.3386861313868613,0.928,0.928,0.4962566844919786,0.6884272997032642,1.879668049792531
nms,NMS,0.1757657170429795,232,457,18,39,250,728,0.3367198838896952,0.928,0.928,0.4941427050053248,0.6867969212551807,1.896265560165975
nms,NMS,0.17318120655670835,232,461,18,39,250,732,0.3347763347763348,0.928,0.928,0.4920466595970308,0.6851742468989959,1.9128630705394192
nms,NMS,0.17160089511032176,232,465,18,39,250,736,0.3328550932568149,0.928,0.928,0.48996832101372745,0.6835592221567471,1.929460580912863
nms,NMS,0.17069001767422404,232,469,18,39,250,740,0.3309557774607703,0.928,0.928,0.4879074658254469,0.6819517930629042,1.946058091286307
nms,NMS,0.1684207750844966,232,473,18,39,250,744,0.32907801418439714,0.928,0.928,0.48586387434554973,0.6803519061583578,1.962655601659751
nms,NMS,0.16629365573914046,232,476,18,39,250,747,0.327683615819209,0.928,0.928,0.4843423799582463,0.6791569086651054,1.9751037344398341
nms,NMS,0.16384170371222018,233,479,17,39,250,751,0.32724719101123595,0.932,0.932,0.48440748440748443,0.6804906542056074,1.987551867219917
nms,NMS,0.1622462998488556,233,483,17,39,250,755,0.3254189944134078,0.932,0.932,0.4824016563146998,0.678904428904429,2.004149377593361
nms,NMS,0.16086711688751665,233,486,17,40,250,759,0.3240611961057024,0.932,0.932,0.4809081527347781,0.6777196044211752,2.016597510373444
nms,NMS,0.15945985513738972,233,490,17,40,250,763,0.32226832641770403,0.932,0.932,0.4789311408016444,0.6761462565293093,2.033195020746888
nms,NMS,0.15827461906566048,233,494,17,40,250,767,0.3204951856946355,0.932,0.932,0.47697031729785055,0.6745801968731905,2.0497925311203318
nms,NMS,0.15666097060780104,233,498,17,40,250,771,0.31874145006839943,0.932,0.932,0.4750254841997961,0.6730213749277874,2.066390041493776
nms,NMS,0.15513785089144025,234,501,16,40,250,775,0.3183673469387755,0.936,0.936,0.4751269035532995,0.6743515850144092,2.078838174273859
nms,NMS,0.15373255458261312,235,503,15,41,250,779,0.31842818428184283,0.94,0.94,0.47570850202429155,0.6760644418872267,2.087136929460581
nms,NMS,0.1519111338521307,235,507,15,41,250,783,0.316711590296496,0.94,0.94,0.47379032258064524,0.67451205510907,2.103734439834025
nms,NMS,0.150169004146444,235,510,15,42,250,787,0.31543624161073824,0.94,0.94,0.4723618090452262,0.673352435530086,2.116182572614108
nms,NMS,0.14959471625911053,235,514,15,42,250,791,0.3137516688918558,0.94,0.94,0.47047047047047047,0.6718124642652944,2.132780082987552
nms,NMS,0.1488700160169496,236,516,14,42,250,794,0.31382978723404253,0.944,0.944,0.47105788423153694,0.6735159817351598,2.141078838174274
nms,NMS,0.14801862810848235,236,520,14,42,250,798,0.31216931216931215,0.944,0.944,0.4691848906560636,0.671981776765376,2.1576763485477177
nms,NMS,0.14716711090750506,236,525,14,42,250,803,0.31011826544021026,0.944,0.944,0.466864490603363,0.6700738216922203,2.1784232365145226
nms,NMS,0.14608359351422953,236,528,14,42,250,806,0.3089005235602094,0.944,0.944,0.46548323471400394,0.6689342403628118,2.190871369294606
nms,NMS,0.14459384252569357,236,531,14,43,250,810,0.3076923076923077,0.944,0.944,0.46411012782694194,0.6677985285795133,2.203319502074689
nms,NMS,0.1428563938005594,236,535,14,43,250,814,0.30609597924773024,0.944,0.944,0.4622918707149853,0.6662902315076228,2.219917012448133
nms,NMS,0.14134686392949564,236,539,14,43,250,818,0.30451612903225805,0.944,0.944,0.46048780487804875,0.6647887323943662,2.236514522821577
nms,NMS,0.14061491710497495,236,543,14,43,250,822,0.3029525032092426,0.944,0.944,0.45869776482021374,0.6632939853850478,2.2531120331950207
nms,NMS,0.13871726117228772,236,547,14,43,250,826,0.30140485312899107,0.944,0.944,0.4569215876089061,0.6618059450364554,2.2697095435684647
nms,NMS,0.13718116791002558,236,550,14,44,250,830,0.30025445292620867,0.944,0.944,0.4555984555984555,0.6606942889137738,2.2821576763485476
nms,NMS,0.13499175889661594,236,553,14,44,250,833,0.2991128010139417,0.944,0.944,0.4542829643888355,0.6595863610955841,2.2946058091286305
nms,NMS,0.13199126417409374,236,557,14,44,250,837,0.29760403530895335,0.944,0.944,0.45254074784276127,0.6581148912437256,2.3112033195020745
nms,NMS,0.12979198655171062,236,561,14,44,250,841,0.2961104140526976,0.944,0.944,0.4508118433619866,0.6566499721758486,2.327800829875519
nms,NMS,0.12938119331093312,236,564,14,45,250,845,0.295,0.944,0.944,0.4495238095238095,0.6555555555555556,2.340248962655602
nms,NMS,0.12720602616369794,236,568,14,45,250,849,0.2935323383084577,0.944,0.944,0.44781783681214427,0.6541019955654102,2.3568464730290457
nms,NMS,0.12661143611561504,236,572,14,45,250,853,0.29207920792079206,0.944,0.944,0.4461247637051039,0.6526548672566371,2.3734439834024896
nms,NMS,0.1242328260688179,236,575,14,45,250,856,0.2909987669543773,0.944,0.944,0.4448633364750235,0.6515737161789068,2.3858921161825726
nms,NMS,0.12211976894837664,236,579,14,45,250,860,0.28957055214723926,0.944,0.944,0.44319248826291074,0.6501377410468321,2.4024896265560165
nms,NMS,0.12100543909144133,236,581,14,46,250,863,0.28886168910648713,0.944,0.944,0.44236176194939075,0.6494221243808476,2.4107883817427385
nms,NMS,0.12005739034311137,236,584,14,46,250,866,0.28780487804878047,0.944,0.944,0.4411214953271027,0.6483516483516483,2.4232365145228214
nms,NMS,0.11827385519521827,236,588,14,46,250,870,0.28640776699029125,0.944,0.944,0.43947858472998136,0.6469298245614035,2.4398340248962658
nms,NMS,0.11621491077936448,236,592,14,46,250,874,0.28502415458937197,0.944,0.944,0.437847866419295,0.6455142231947484,2.4564315352697097
nms,NMS,0.11552853255621211,236,596,14,46,250,878,0.28365384615384615,0.944,0.944,0.4362292051756007,0.6441048034934498,2.4730290456431536
nms,NMS,0.11405554942037177,236,600,14,46,250,882,0.2822966507177033,0.944,0.944,0.434622467771639,0.6427015250544661,2.4896265560165975
nms,NMS,0.11289296205574267,236,603,14,46,250,885,0.28128724672228844,0.944,0.944,0.433425160697888,0.641653072321914,2.5020746887966805
nms,NMS,0.11024461527450265,236,608,14,46,250,890,0.2796208530805687,0.944,0.944,0.4314442413162705,0.6399132321041214,2.5228215767634854
nms,NMS,0.10969871698113241,236,611,14,46,250,893,0.27863046044864226,0.944,0.944,0.43026435733819507,0.6388738494856524,2.5352697095435683
nms,NMS,0.10858969814502056,237,613,13,47,250,897,0.2788235294117647,0.948,0.948,0.43090909090909085,0.6405405405405405,2.5435684647302903
nms,NMS,0.1075319340129953,237,616,13,47,250,900,0.27784290738569756,0.948,0.948,0.4297370806890299,0.6395035078251484,2.5560165975103732
nms,NMS,0.10596648334823143,237,620,13,47,250,904,0.2765460910151692,0.948,0.948,0.4281842818428185,0.6381260096930532,2.5726141078838176
nms,NMS,0.10404177546364096,237,623,13,48,250,908,0.2755813953488372,0.948,0.948,0.42702702702702705,0.6370967741935483,2.5850622406639006
nms,NMS,0.10282121515221958,237,627,13,48,250,912,0.2743055555555556,0.948,0.948,0.4254937163375225,0.6357296137339056,2.6016597510373445
nms,NMS,0.1021037560527885,237,631,13,48,250,916,0.2730414746543779,0.948,0.948,0.42397137745974955,0.6343683083511776,2.6182572614107884
nms,NMS,0.10158688688622576,237,634,13,48,250,919,0.27210103329506313,0.948,0.948,0.42283675289919714,0.6333511491181185,2.6307053941908713
nms,NMS,0.10084886574116965,237,637,13,48,250,922,0.2711670480549199,0.948,0.948,0.42170818505338076,0.6323372465314836,2.6431535269709543
nms,NMS,0.10017108698445694,237,641,13,48,250,926,0.26993166287015946,0.948,0.948,0.4202127659574469,0.6309904153354632,2.659751037344398
nms,NMS,0.09862630707139178,237,645,13,48,250,930,0.2687074829931973,0.948,0.948,0.4187279151943464,0.6296493092454835,2.676348547717842
nms,NMS,0.09750160566245124,237,649,13,48,250,934,0.26749435665914223,0.948,0.948,0.4172535211267605,0.6283138918345706,2.6929460580912865
nms,NMS,0.09666091272640905,237,653,13,48,250,938,0.2662921348314607,0.948,0.948,0.41578947368421054,0.6269841269841269,2.7095435684647304
nms,NMS,0.09580697184456152,237,657,13,48,250,942,0.2651006711409396,0.948,0.948,0.4143356643356643,0.6256599788806758,2.7261410788381744
nms,NMS,0.09509273291344786,237,661,13,48,250,946,0.2639198218262806,0.948,0.948,0.41289198606271776,0.6243414120126448,2.7427385892116183
nms,NMS,0.09406386813902284,238,663,12,49,250,950,0.2641509433962264,0.952,0.952,0.4135534317984361,0.6259863229879011,2.7510373443983402
nms,NMS,0.0929215068486138,238,667,12,49,250,954,0.26298342541436465,0.952,0.952,0.41212121212121217,0.6246719160104988,2.767634854771784
nms,NMS,0.0924018885421651,238,669,12,49,250,956,0.2624035281146637,0.952,0.952,0.41140881590319794,0.6240167802831672,2.775933609958506
nms,NMS,0.0917853618167636,238,672,12,50,250,960,0.26153846153846155,0.952,0.952,0.41034482758620694,0.6230366492146596,2.788381742738589
nms,NMS,0.09095173259136431,238,676,12,50,250,964,0.2603938730853392,0.952,0.952,0.40893470790378006,0.6217345872518286,2.804979253112033
nms,NMS,0.09022263473964007,238,680,12,50,250,968,0.25925925925925924,0.952,0.952,0.40753424657534243,0.6204379562043796,2.8215767634854774
nms,NMS,0.0892084973549151,238,684,12,50,250,972,0.25813449023861174,0.952,0.952,0.4061433447098976,0.619146722164412,2.8381742738589213
nms,NMS,0.08854660768382085,238,688,12,50,250,976,0.2570194384449244,0.952,0.952,0.40476190476190477,0.6178608515057114,2.854771784232365
nms,NMS,0.08790171228596713,238,692,12,50,250,980,0.25591397849462366,0.952,0.952,0.4033898305084746,0.616580310880829,2.871369294605809
nms,NMS,0.08735576710775111,238,695,12,50,250,983,0.25509110396570206,0.952,0.952,0.40236686390532544,0.6156233833419554,2.883817427385892
nms,NMS,0.08671904006631112,238,699,12,50,250,987,0.25400213447171827,0.952,0.952,0.401010951979781,0.614352090862158,2.900414937759336
nms,NMS,0.08633164316128347,238,703,12,50,250,991,0.25292242295430395,0.952,0.952,0.39966414777497905,0.613086038124678,2.91701244813278
nms,NMS,0.08571698868066834,238,707,12,50,250,995,0.2518518518518518,0.952,0.952,0.398326359832636,0.6118251928020565,2.933609958506224
nms,NMS,0.08541662150356552,238,711,12,50,250,999,0.2507903055848261,0.952,0.952,0.3969974979149291,0.6105695228322217,2.9502074688796682
nms,NMS,0.08495123316821156,238,715,12,50,250,1003,0.2497376705141658,0.952,0.952,0.39567747298420614,0.6093189964157706,2.966804979253112
nms,NMS,0.08423419766362564,238,719,12,50,250,1007,0.24869383490073146,0.952,0.952,0.39436619718309857,0.6080735820132855,2.983402489626556
nms,NMS,0.08346736310577801,238,723,12,50,250,1011,0.24765868886576484,0.952,0.952,0.3930635838150289,0.6068332483426824,3.0
nms,NMS,0.08310886740999408,238,727,12,50,250,1015,0.24663212435233162,0.952,0.952,0.39176954732510294,0.6055979643765903,3.016597510373444
nms,NMS,0.08273804662985673,238,731,12,50,250,1019,0.24561403508771928,0.952,0.952,0.39048400328137817,0.6043676993397663,3.033195020746888
nms,NMS,0.08223829966176656,239,734,11,50,250,1023,0.24563206577595068,0.956,0.956,0.3908421913327882,0.6056766345666498,3.045643153526971
nms,NMS,0.08186869292933376,239,738,11,50,250,1027,0.24462640736949848,0.956,0.956,0.3895680521597392,0.6044511886697015,3.0622406639004147
nms,NMS,0.08149080719281591,239,742,11,50,250,1031,0.2436289500509684,0.956,0.956,0.38830219333874905,0.603230691569914,3.078838174273859
nms,NMS,0.08118707467141274,240,745,10,50,250,1035,0.2436548223350254,0.96,0.96,0.388663967611336,0.6045340050377834,3.091286307053942
nms,NMS,0.08080352229685199,240,749,10,50,250,1039,0.24266936299292213,0.96,0.96,0.387409200968523,0.6033182503770739,3.107883817427386
nms,NMS,0.08022680195465476,240,753,10,50,250,1043,0.24169184290030213,0.96,0.96,0.38616251005631536,0.6021073758153538,3.12448132780083
nms,NMS,0.07945044206379959,240,757,10,50,250,1047,0.24072216649949849,0.96,0.96,0.38492381716118684,0.600901352028042,3.141078838174274
nms,NMS,0.07897690829499955,240,761,10,50,250,1051,0.23976023976023977,0.96,0.96,0.38369304556354916,0.5997001499250375,3.1576763485477177
nms,NMS,0.0787428617774416,240,765,10,50,250,1055,0.23880597014925373,0.96,0.96,0.3824701195219123,0.598503740648379,3.1742738589211617
nms,NMS,0.07840087616298945,240,769,10,50,250,1059,0.23785926660059464,0.96,0.96,0.38125496425734706,0.5973120955699353,3.190871369294606
nms,NMS,0.07782791771719408,240,772,10,50,250,1062,0.23715415019762845,0.96,0.96,0.3803486529318542,0.5964214711729623,3.203319502074689
nms,NMS,0.07745919023856687,240,777,10,50,250,1067,0.2359882005899705,0.96,0.96,0.3788476716653512,0.5949429846306395,3.224066390041494
nms,NMS,0.07718389589608371,240,781,10,50,250,1071,0.23506366307541626,0.96,0.96,0.3776553894571204,0.5937654626422563,3.240663900414938
nms,NMS,0.07673606730787592,240,785,10,50,250,1075,0.23414634146341465,0.96,0.96,0.37647058823529417,0.5925925925925927,3.2572614107883817
nms,NMS,0.07648370278936688,240,789,10,50,250,1079,0.23323615160349853,0.96,0.96,0.3752931978107897,0.5914243469689502,3.2738589211618256
nms,NMS,0.0761627372902051,240,793,10,50,250,1083,0.23233301064859632,0.96,0.96,0.37412314886983633,0.5902606984751597,3.2904564315352696
nms,NMS,0.0758825304806107,240,797,10,50,250,1087,0.23143683702989393,0.96,0.96,0.372960372960373,0.5891016200294551,3.3070539419087135
nms,NMS,0.07552039181498672,240,801,10,50,250,1091,0.23054755043227665,0.96,0.96,0.3718048024786987,0.5879470847623713,3.323651452282158
nms,NMS,0.07518205175470834,240,805,10,50,250,1095,0.22966507177033493,0.96,0.96,0.37065637065637064,0.58679706601467,3.340248962655602
nms,NMS,0.07511634852570838,240,809,10,50,250,1099,0.22878932316491898,0.96,0.96,0.3695150115473441,0.5856515373352855,3.3568464730290457
nms,NMS,0.0747171662581452,240,813,10,50,250,1103,0.22792022792022792,0.96,0.96,0.3683806600153492,0.5845104724792985,3.3734439834024896
nms,NMS,0.07453039300595236,240,817,10,50,250,1107,0.22705771050141912,0.96,0.96,0.36725325172149964,0.5833738454059311,3.3900414937759336
nms,NMS,0.07405653554999769,240,821,10,50,250,1111,0.22620169651272384,0.96,0.96,0.36613272311212813,0.5822416302765648,3.4066390041493775
nms,NMS,0.07377301748387546,240,825,10,50,250,1115,0.22535211267605634,0.96,0.96,0.3650190114068441,0.5811138014527846,3.4232365145228214
nms,NMS,0.07330190373382148,240,829,10,50,250,1119,0.2245088868101029,0.96,0.96,0.3639120545868082,0.5799903334944417,3.4398340248962658
nms,NMS,0.0730444563824584,240,833,10,50,250,1123,0.22367194780987884,0.96,0.96,0.36281179138322,0.5788712011577424,3.4564315352697097
nms,NMS,0.07268157443408539,240,837,10,50,250,1127,0.22284122562674094,0.96,0.96,0.3617181612660136,0.5777563793933559,3.4730290456431536
nms,NMS,0.07218760574549193,240,841,10,50,250,1131,0.22201665124884365,0.96,0.96,0.3606311044327573,0.5766458433445458,3.4896265560165975
nms,NMS,0.07182112309963613,240,844,10,50,250,1134,0.22140221402214022,0.96,0.96,0.35982008995502246,0.5758157389635317,3.5020746887966805
nms,NMS,0.0716993179423652,240,847,10,50,250,1137,0.22079116835326587,0.96,0.96,0.3590127150336574,0.5749880210828942,3.5145228215767634
nms,NMS,0.07096275072077193,240,851,10,50,250,1141,0.21998166819431714,0.96,0.96,0.35794183445190153,0.5738880918220947,3.5311203319502074
nms,NMS,0.07066661957182366,240,855,10,50,250,1145,0.2191780821917808,0.96,0.96,0.35687732342007433,0.5727923627684964,3.5477178423236513
nms,NMS,0.07043605256497543,240,859,10,50,250,1149,0.2183803457688808,0.96,0.96,0.35581912527798365,0.5717008099094808,3.5643153526970957
nms,NMS,0.0702433391861515,240,863,10,50,250,1153,0.21758839528558477,0.96,0.96,0.35476718403547675,0.5706134094151213,3.5809128630705396
nms,NMS,0.07004208722149277,240,867,10,50,250,1157,0.21680216802168023,0.96,0.96,0.3537214443625645,0.56953013763645,3.5975103734439835
nms,NMS,0.0694954065125084,240,871,10,50,250,1161,0.21602160216021601,0.96,0.96,0.3526818515797208,0.5684509711037423,3.6141078838174274
nms,NMS,0.0690011503105939,240,874,10,51,250,1165,0.21543985637342908,0.96,0.96,0.3519061583577713,0.5676442762535477,3.6265560165975104
nms,NMS,0.06836011136734338,240,878,10,51,250,1169,0.2146690518783542,0.96,0.96,0.3508771929824561,0.56657223796034,3.6431535269709543
nms,NMS,0.06794046878480309,240,882,10,51,250,1173,0.21390374331550802,0.96,0.96,0.3498542274052478,0.5655042412818098,3.659751037344398
nms,NMS,0.06776306314090459,240,886,10,51,250,1177,0.21314387211367672,0.96,0.96,0.3488372093023256,0.5644402634054563,3.676348547717842
nms,NMS,0.06724731258593761,240,890,10,51,250,1181,0.21238938053097345,0.96,0.96,0.3478260869565218,0.5633802816901408,3.6929460580912865
nms,NMS,0.06691230627363982,240,894,10,51,250,1185,0.21164021164021163,0.96,0.96,0.3468208092485549,0.5623242736644798,3.7095435684647304
nms,NMS,0.06652431189198107,240,898,10,51,250,1189,0.210896309314587,0.96,0.96,0.345821325648415,0.5612722170252571,3.7261410788381744
nms,NMS,0.06607077132417803,240,902,10,51,250,1193,0.21015761821366025,0.96,0.96,0.3448275862068966,0.5602240896358543,3.7427385892116183
nms,NMS,0.06541272502434975,240,906,10,51,250,1197,0.2094240837696335,0.96,0.96,0.3438395415472779,0.5591798695246971,3.759336099585062
nms,NMS,0.06480804750176877,240,910,10,51,250,1201,0.20869565217391303,0.96,0.96,0.34285714285714286,0.5581395348837208,3.775933609958506
nms,NMS,0.064383354632179,240,914,10,51,250,1205,0.20797227036395147,0.96,0.96,0.3418803418803419,0.5571030640668523,3.79253112033195
nms,NMS,0.064260077294126,240,918,10,51,250,1209,0.20725388601036268,0.96,0.96,0.3409090909090909,0.5560704355885079,3.809128630705394
nms,NMS,0.06386566960942622,240,921,10,51,250,1212,0.20671834625322996,0.96,0.96,0.34018426647767536,0.5552984729291994,3.8215767634854774
nms,NMS,0.06362354534331739,240,925,10,51,250,1216,0.20600858369098712,0.96,0.96,0.3392226148409894,0.5542725173210161,3.8381742738589213
nms,NMS,0.06347505971195644,240,929,10,51,250,1220,0.20530367835757057,0.96,0.96,0.3382663847780127,0.5532503457814661,3.854771784232365
nms,NMS,0.0631527531923635,240,933,10,51,250,1224,0.20460358056265984,0.96,0.96,0.3373155305692199,0.5522319374137138,3.871369294605809
nms,NMS,0.06273948804582517,240,937,10,51,250,1228,0.20390824129141885,0.96,0.96,0.33637000700770847,0.5512172714745063,3.887966804979253
nms,NMS,0.0625347748711414,240,941,10,51,250,1232,0.20321761219305673,0.96,0.96,0.33542976939203356,0.5502063273727648,3.904564315352697
nms,NMS,0.06224068254139801,240,945,10,51,250,1236,0.20253164556962025,0.96,0.96,0.3344947735191638,0.5491990846681923,3.921161825726141
nms,NMS,0.06207581818676637,240,949,10,51,250,1240,0.20185029436501262,0.96,0.96,0.33356497567755383,0.5481955230698949,3.9377593360995853
nms,NMS,0.06181402460116098,240,953,10,51,250,1244,0.20117351215423301,0.96,0.96,0.3326403326403326,0.5471956224350205,3.954356846473029
nms,NMS,0.061475945712262794,240,958,10,51,250,1249,0.2003338898163606,0.96,0.96,0.3314917127071823,0.545950864422202,3.975103734439834
nms,NMS,0.06135077155999528,240,962,10,51,250,1253,0.19966722129783693,0.96,0.96,0.33057851239669417,0.544959128065395,3.991701244813278
nms,NMS,0.06116253458311015,240,966,10,51,250,1257,0.19900497512437812,0.96,0.96,0.32967032967032966,0.543970988213962,4.008298755186722
nms,NMS,0.061073140769062985,240,970,10,51,250,1261,0.19834710743801653,0.96,0.96,0.3287671232876712,0.5429864253393665,4.024896265560166
nms,NMS,0.06093008563104072,240,974,10,51,250,1265,0.19769357495881384,0.96,0.96,0.3278688524590164,0.5420054200542005,4.04149377593361
nms,NMS,0.06079030897923065,240,978,10,51,250,1269,0.19704433497536947,0.96,0.96,0.3269754768392371,0.5410279531109108,4.058091286307054
nms,NMS,0.060653978265465154,240,982,10,51,250,1273,0.19639934533551553,0.96,0.96,0.32608695652173914,0.54005400540054,4.074688796680498
nms,NMS,0.060455058044195396,240,986,10,51,250,1277,0.19575856443719414,0.96,0.96,0.3252032520325203,0.5390835579514824,4.091286307053942
nms,NMS,0.06030284950248029,240,990,10,51,250,1281,0.1951219512195122,0.96,0.96,0.32432432432432434,0.5381165919282511,4.1078838174273855
nms,NMS,0.06012921267773527,240,994,10,51,250,1285,0.19448946515397084,0.96,0.96,0.3234501347708895,0.5371530886302597,4.124481327800829
nms,NMS,0.05996642940711879,240,998,10,51,250,1289,0.1938610662358643,0.96,0.96,0.32258064516129026,0.5361930294906165,4.141078838174274
nms,NMS,0.05983136731722934,240,1001,10,51,250,1292,0.19339242546333602,0.96,0.96,0.3219315895372234,0.535475234270415,4.153526970954357
nms,NMS,0.05971412099823922,240,1005,10,51,250,1296,0.1927710843373494,0.96,0.96,0.3210702341137124,0.5345211581291759,4.170124481327801
nms,NMS,0.059385674435457544,240,1008,10,52,250,1300,0.19230769230769232,0.96,0.96,0.3204272363150868,0.5338078291814946,4.182572614107884
nms,NMS,0.05884278779023296,240,1011,10,52,250,1303,0.19184652278177458,0.96,0.96,0.3197868087941373,0.5330964015992892,4.195020746887967
nms,NMS,0.05832673812812605,240,1015,10,52,250,1307,0.19123505976095617,0.96,0.96,0.31893687707641194,0.5321507760532151,4.211618257261411
nms,NMS,0.05785233401176532,240,1018,10,53,250,1311,0.1907790143084261,0.96,0.96,0.31830238726790455,0.5314437555358724,4.224066390041494
nms,NMS,0.05762693707207568,240,1022,10,53,250,1315,0.1901743264659271,0.96,0.96,0.3174603174603175,0.5305039787798408,4.240663900414938
nms,NMS,0.05722080991092187,240,1026,10,53,250,1319,0.1895734597156398,0.96,0.96,0.316622691292876,0.5295675198587819,4.257261410788382
nms,NMS,0.05701893307355803,240,1030,10,53,250,1323,0.1889763779527559,0.96,0.96,0.31578947368421045,0.5286343612334802,4.273858921161826
nms,NMS,0.056431017274403306,240,1034,10,53,250,1327,0.18838304552590268,0.96,0.96,0.3149606299212599,0.5277044854881267,4.29045643153527
nms,NMS,0.055886717105657804,240,1038,10,53,250,1331,0.18779342723004694,0.96,0.96,0.3141361256544502,0.5267778753292363,4.3070539419087135
nms,NMS,0.05548089080061308,240,1041,10,53,250,1334,0.1873536299765808,0.96,0.96,0.31352057478772044,0.526085050416484,4.319502074688796
nms,NMS,0.05536370581275517,240,1046,10,53,250,1339,0.18662519440124417,0.96,0.96,0.3125,0.5249343832020997,4.340248962655601
nms,NMS,0.05493333265624312,240,1050,10,53,250,1343,0.18604651162790697,0.96,0.96,0.31168831168831174,0.5240174672489083,4.356846473029045
nms,NMS,0.05461078475553541,240,1054,10,53,250,1347,0.18547140649149924,0.96,0.96,0.31088082901554404,0.5231037489102006,4.373443983402489
nms,NMS,0.05414268590310092,240,1058,10,53,250,1351,0.18489984591679506,0.96,0.96,0.31007751937984496,0.5221932114882506,4.390041493775934
nms,NMS,0.05383301828911338,240,1062,10,53,250,1355,0.18433179723502305,0.96,0.96,0.30927835051546393,0.5212858384013901,4.406639004149378
nms,NMS,0.053253573039125784,240,1066,10,53,250,1359,0.18376722817764166,0.96,0.96,0.30848329048843187,0.5203816131830008,4.423236514522822
nms,NMS,0.05296301943276867,240,1070,10,53,250,1363,0.183206106870229,0.96,0.96,0.30769230769230765,0.5194805194805195,4.439834024896266
nms,NMS,0.05195120125429627,240,1073,10,53,250,1366,0.1827875095201828,0.96,0.96,0.3071017274472169,0.5188067444876783,4.452282157676349
nms,NMS,0.05145088878984032,240,1077,10,53,250,1370,0.18223234624145787,0.96,0.96,0.3063178047223995,0.5179110919292188,4.468879668049793
nms,NMS,0.05113802022027849,240,1080,10,53,250,1373,0.18181818181818182,0.96,0.96,0.3057324840764331,0.5172413793103449,4.481327800829876
nms,NMS,0.05085531012485976,240,1082,10,53,250,1375,0.1815431164901664,0.96,0.96,0.30534351145038163,0.5167958656330749,4.4896265560165975
nms,NMS,0.05036842498146779,240,1086,10,53,250,1379,0.18099547511312217,0.96,0.96,0.3045685279187817,0.5159071367153912,4.5062240663900415
nms,NMS,0.049924888635596965,240,1090,10,53,250,1383,0.18045112781954886,0.96,0.96,0.3037974683544304,0.5150214592274678,4.522821576763485
nms,NMS,0.04962174472793214,240,1094,10,53,250,1387,0.17991004497751126,0.96,0.96,0.30303030303030304,0.5141388174807198,4.539419087136929
nms,NMS,0.04918450936954286,240,1098,10,53,250,1391,0.17937219730941703,0.96,0.96,0.30226700251889166,0.5132591958939264,4.556016597510373
nms,NMS,0.04874113570502717,240,1102,10,53,250,1395,0.17883755588673622,0.96,0.96,0.3015075376884422,0.5123825789923143,4.572614107883817
nms,NMS,0.0486038401388365,240,1106,10,53,250,1399,0.17830609212481427,0.96,0.96,0.3007518796992481,0.5115089514066496,4.589211618257261
nms,NMS,0.04843924105609867,240,1110,10,53,250,1403,0.17777777777777778,0.96,0.96,0.3,0.5106382978723404,4.605809128630705
nms,NMS,0.048164987440336766,240,1114,10,53,250,1407,0.17725258493353027,0.96,0.96,0.2992518703241895,0.5097706032285472,4.622406639004149
nms,NMS,0.047965225665336474,240,1118,10,53,250,1411,0.17673048600883653,0.96,0.96,0.2985074626865672,0.5089058524173028,4.639004149377594
nms,NMS,0.04761040676812939,240,1122,10,53,250,1415,0.1762114537444934,0.96,0.96,0.2977667493796526,0.5080440304826418,4.655601659751038
nms,NMS,0.04748199131099201,240,1126,10,53,250,1419,0.17569546120058566,0.96,0.96,0.297029702970297,0.507185122569738,4.672199170124482
nms,NMS,0.047226265658270955,240,1130,10,53,250,1423,0.17518248175182483,0.96,0.96,0.29629629629629634,0.5063291139240507,4.6887966804979255
nms,NMS,0.0468288320076633,240,1135,10,53,250,1428,0.17454545454545456,0.96,0.96,0.29538461538461536,0.5052631578947369,4.70954356846473
nms,NMS,0.04614026899708906,240,1137,10,53,250,1430,0.17429193899782136,0.96,0.96,0.29502151198524895,0.5048380311316786,4.717842323651452
nms,NMS,0.04555148678410979,241,1140,9,53,250,1434,0.17451122375090514,0.964,0.964,0.2955242182709994,0.5060898782024359,4.730290456431535
nms,NMS,0.044772821324339324,241,1143,9,53,250,1437,0.17413294797687862,0.964,0.964,0.29498164014687883,0.5054530201342282,4.742738589211618
nms,NMS,0.044469433739934464,241,1146,9,53,250,1440,0.17375630857966834,0.964,0.964,0.2944410507025046,0.504817762882279,4.755186721991701
nms,NMS,0.04398550218589398,241,1149,9,53,250,1443,0.17338129496402876,0.964,0.964,0.2939024390243902,0.50418410041841,4.767634854771784
nms,NMS,0.04372763902368842,241,1151,9,53,250,1445,0.17313218390804597,0.964,0.964,0.2935444579780755,0.5037625418060201,4.775933609958506
nms,NMS,0.04356771720913312,241,1154,9,53,250,1448,0.17275985663082438,0.964,0.964,0.29300911854103345,0.5031315240083507,4.788381742738589
nms,NMS,0.043395274098467496,241,1158,9,53,250,1452,0.17226590421729807,0.964,0.964,0.29229836264402664,0.5022926219258024,4.804979253112033
nms,NMS,0.04272593623426447,241,1162,9,53,250,1456,0.17177476835352815,0.964,0.964,0.2915910465819721,0.5014565126924677,4.821576763485477
nms,NMS,0.042452102085932815,241,1165,9,54,250,1460,0.17140825035561877,0.964,0.964,0.29106280193236717,0.5008312551953449,4.83402489626556
nms,NMS,0.04219043255287729,241,1168,9,54,250,1463,0.1710432931156849,0.964,0.964,0.29053646775165765,0.5002075550020756,4.846473029045643
nms,NMS,0.041690878260197836,241,1172,9,54,250,1467,0.17055909412597312,0.964,0.964,0.2898376428141912,0.49937836717778694,4.863070539419087
nms,NMS,0.041500432614285494,241,1176,9,54,250,1471,0.17007762879322513,0.964,0.964,0.2891421715656869,0.49855192387256925,4.8796680497925315
nms,NMS,0.041292463042210244,241,1180,9,54,250,1475,0.16959887403237156,0.964,0.964,0.28845002992220226,0.4977282114828583,4.8962655601659755
nms,NMS,0.04100777671327224,241,1184,9,54,250,1479,0.16912280701754387,0.964,0.964,0.2877611940298508,0.49690721649484537,4.912863070539419
nms,NMS,0.0407233864432974,241,1188,9,54,250,1483,0.16864940517844645,0.964,0.964,0.2870756402620608,0.4960889254837381,4.929460580912863
nms,NMS,0.04050521353588788,241,1192,9,54,250,1487,0.16817864619678996,0.964,0.964,0.28639334521687465,0.49527332511302924,4.946058091286307
nms,NMS,0.04037219815105373,241,1196,9,54,250,1491,0.1677105080027836,0.964,0.964,0.2857142857142857,0.49446040213377107,4.962655601659751
nms,NMS,0.04023399328852666,241,1200,9,54,250,1495,0.16724496877168632,0.964,0.964,0.28503843879361324,0.49365014338385904,4.979253112033195
nms,NMS,0.03998458319028107,241,1204,9,54,250,1499,0.16678200692041523,0.964,0.964,0.2843657817109144,0.49284253578732107,4.995850622406639
nms,NMS,0.039077098430466785,241,1208,9,54,250,1503,0.1663216011042098,0.964,0.964,0.28369629193643314,0.49203756635361373,5.012448132780083
nms,NMS,0.038905384461304024,241,1211,9,54,250,1506,0.1659779614325069,0.964,0.964,0.28319623971797886,0.4914355628058728,5.024896265560166
nms,NMS,0.03866651314295161,241,1216,9,54,250,1511,0.16540837336993822,0.964,0.964,0.28236672524897477,0.49043549043549045,5.045643153526971
nms,NMS,0.03813002865780194,241,1218,9,55,250,1514,0.16518163125428376,0.964,0.964,0.2820362785254535,0.4900366002440016,5.053941908713693
nms,NMS,0.037739445668290635,241,1221,9,55,250,1517,0.16484268125854992,0.964,0.964,0.28154205607476634,0.4894394800974817,5.066390041493776
nms,NMS,0.0373088772288605,242,1223,8,55,250,1520,0.16518771331058021,0.968,0.968,0.28221574344023326,0.4908722109533469,5.074688796680498
nms,NMS,0.03681130938976894,242,1227,8,55,250,1524,0.16473791695030632,0.968,0.968,0.2815590459569517,0.49007695423248276,5.091286307053942
nms,NMS,0.03641043395161382,242,1230,8,55,250,1527,0.1644021739130435,0.968,0.968,0.281068524970964,0.48948220064724923,5.1037344398340245
nms,NMS,0.03610569563790053,242,1234,8,55,250,1531,0.16395663956639567,0.968,0.968,0.28041714947856317,0.4886914378029079,5.1203319502074685
nms,NMS,0.03577225846718148,242,1238,8,55,250,1535,0.1635135135135135,0.968,0.968,0.27976878612716766,0.4879032258064516,5.136929460580913
nms,NMS,0.03557850218758078,243,1240,7,56,250,1539,0.1638570465273095,0.972,0.972,0.28043854587420664,0.4893274265002014,5.145228215767635
nms,NMS,0.03527604890544307,243,1243,7,56,250,1542,0.16352624495289367,0.972,0.972,0.2799539170506913,0.48873692679002406,5.157676348547718
nms,NMS,0.03454638900052175,243,1247,7,56,250,1546,0.16308724832214766,0.972,0.972,0.2793103448275862,0.48795180722891573,5.174273858921162
nms,NMS,0.03420680506920583,243,1251,7,56,250,1550,0.16265060240963855,0.972,0.972,0.2786697247706422,0.48716920609462705,5.190871369294606
nms,NMS,0.03396347068190614,243,1254,7,56,250,1553,0.1623246492985972,0.972,0.972,0.27819118488838007,0.48658390068081697,5.203319502074689
nms,NMS,0.03350397740786361,244,1257,6,56,250,1557,0.1625582944703531,0.976,0.976,0.278697886921759,0.48780487804878053,5.215767634854772
nms,NMS,0.03329190371518745,244,1261,6,56,250,1561,0.16212624584717608,0.976,0.976,0.2780626780626781,0.4870259481037924,5.232365145228216
nms,NMS,0.03274643002594202,244,1264,6,56,250,1564,0.16180371352785147,0.976,0.976,0.27758816837315137,0.4864433811802233,5.244813278008299
nms,NMS,0.0323377553842433,244,1268,6,56,250,1568,0.16137566137566137,0.976,0.976,0.2769580022701475,0.48566878980891715,5.261410788381743
nms,NMS,0.031961081163786056,244,1272,6,56,250,1572,0.16094986807387862,0.976,0.976,0.27633069082672707,0.48489666136724957,5.278008298755187
nms,NMS,0.03165177099399094,244,1276,6,56,250,1576,0.16052631578947368,0.976,0.976,0.27570621468926554,0.4841269841269841,5.2946058091286305
nms,NMS,0.03123515006111054,244,1280,6,56,250,1580,0.16010498687664043,0.976,0.976,0.27508455467869225,0.4833597464342314,5.3112033195020745
nms,NMS,0.03086584698164507,244,1283,6,56,250,1583,0.15979043876882776,0.976,0.976,0.2746201463140123,0.482785912148793,5.323651452282157
nms,NMS,0.03053441182975232,244,1287,6,56,250,1587,0.15937295885042455,0.976,0.976,0.27400336889387983,0.48202291584354007,5.340248962655601
nms,NMS,0.030194505554613074,244,1291,6,56,250,1591,0.15895765472312703,0.976,0.976,0.2733893557422969,0.4812623274161736,5.356846473029045
nms,NMS,0.029801028047740673,244,1296,6,56,250,1596,0.15844155844155844,0.976,0.976,0.27262569832402234,0.4803149606299212,5.377593360995851
nms,NMS,0.02948447572759839,244,1299,6,56,250,1599,0.15813350615683733,0.976,0.976,0.27216954824316786,0.47974832874557605,5.390041493775934
nms,NMS,0.029232190462550486,244,1303,6,56,250,1603,0.1577246283128636,0.976,0.976,0.27156371730662215,0.4789948959560267,5.406639004149378
nms,NMS,0.02902894765392333,244,1307,6,56,250,1607,0.15731785944551901,0.976,0.976,0.27096057745696833,0.4782438259506076,5.423236514522822
nms,NMS,0.02888051913166355,244,1310,6,56,250,1610,0.15701415701415702,0.976,0.976,0.27050997782705105,0.4776820673453407,5.435684647302905
nms,NMS,0.02861635105098193,244,1314,6,56,250,1614,0.15661103979460847,0.976,0.976,0.26991150442477874,0.47693510555121194,5.452282157676349
nms,NMS,0.028271358760822252,244,1318,6,56,250,1618,0.15620998719590268,0.976,0.976,0.26931567328918327,0.47619047619047616,5.468879668049793
nms,NMS,0.027774490203750647,244,1322,6,56,250,1622,0.1558109833971903,0.976,0.976,0.2687224669603524,0.47544816835541703,5.485477178423237
nms,NMS,0.027452739794769608,244,1326,6,56,250,1626,0.1554140127388535,0.976,0.976,0.2681318681318681,0.4747081712062257,5.5020746887966805
nms,NMS,0.027211456587344893,244,1329,6,56,250,1629,0.1551176096630642,0.976,0.976,0.26769061985737796,0.4741546832491255,5.514522821576763
nms,NMS,0.026952200581852367,244,1333,6,56,250,1633,0.15472415979708307,0.976,0.976,0.2671045429666119,0.4734187039192859,5.531120331950207
nms,NMS,0.026597767206411667,244,1337,6,56,250,1637,0.15433270082226438,0.976,0.976,0.2665210267613326,0.47268500581170086,5.547717842323651
nms,NMS,0.02623623507924614,244,1341,6,56,250,1641,0.15394321766561514,0.976,0.976,0.2659400544959128,0.47195357833655704,5.564315352697095
nms,NMS,0.02591415874934151,244,1344,6,56,250,1644,0.15365239294710328,0.976,0.976,0.2655059847660501,0.47140649149922725,5.576763485477178
nms,NMS,0.025471015295121305,244,1347,6,56,250,1647,0.15336266499057197,0.976,0.976,0.26507332971211295,0.470860671555384,5.589211618257261
nms,NMS,0.02510587926126392,244,1351,6,56,250,1651,0.15297805642633228,0.976,0.976,0.2644986449864498,0.4701348747591523,5.605809128630705
nms,NMS,0.024880691581468467,244,1355,6,56,250,1655,0.15259537210756724,0.976,0.976,0.26392644672796106,0.4694113120430935,5.622406639004149
nms,NMS,0.024660892380152302,244,1359,6,56,250,1659,0.15221459762944478,0.976,0.976,0.26335671883432266,0.46868997310795235,5.639004149377594
nms,NMS,0.02444625340767759,244,1363,6,56,250,1663,0.15183571873055382,0.976,0.976,0.26278944534194937,0.46797084771768316,5.655601659751038
nms,NMS,0.024003375128376025,244,1366,6,56,250,1666,0.1515527950310559,0.976,0.976,0.2623655913978495,0.4674329501915709,5.668049792531121
nms,NMS,0.023860689960667748,244,1369,6,56,250,1669,0.15127092374457532,0.976,0.976,0.26194310252281267,0.46689628779181014,5.680497925311204
nms,NMS,0.0236753998651502,244,1373,6,56,250,1673,0.15089672232529375,0.976,0.976,0.2613818960899839,0.46618265189147884,5.6970954356846475
nms,NMS,0.023345141377142595,244,1376,6,56,250,1676,0.1506172839506173,0.976,0.976,0.2609625668449198,0.465648854961832,5.70954356846473
nms,NMS,0.023200403461429403,244,1381,6,56,250,1681,0.15015384615384617,0.976,0.976,0.2602666666666667,0.46476190476190476,5.730290456431535
nms,NMS,0.022999864927988847,244,1385,6,56,250,1685,0.1497851442602824,0.976,0.976,0.2597126130920702,0.46405477367820464,5.746887966804979
nms,NMS,0.02272072113690197,244,1388,6,56,250,1688,0.14950980392156862,0.976,0.976,0.2592986184909671,0.4635258358662614,5.759336099585062
nms,NMS,0.022460882039398222,244,1391,6,56,250,1691,0.1492354740061162,0.976,0.976,0.2588859416445623,0.4629981024667931,5.771784232365145
nms,NMS,0.0220892163817053,244,1395,6,56,250,1695,0.14887126296522268,0.976,0.976,0.2583377448385389,0.46229632436528983,5.788381742738589
nms,NMS,0.02179023473488532,244,1397,6,56,250,1697,0.14868982327848873,0.976,0.976,0.25806451612903225,0.4619462324876941,5.796680497925311
nms,NMS,0.021325165565018133,244,1400,6,56,250,1700,0.14841849148418493,0.976,0.976,0.25765575501583954,0.46142208774583965,5.809128630705394
nms,NMS,0.02094104090496625,244,1404,6,56,250,1704,0.14805825242718446,0.976,0.976,0.25711275026343516,0.4607250755287009,5.825726141078838
nms,NMS,0.02061396303529963,244,1408,6,56,250,1708,0.14769975786924938,0.976,0.976,0.25657202944269186,0.4600301659125188,5.842323651452282
nms,NMS,0.020542294654530675,244,1411,6,56,250,1711,0.1474320241691843,0.976,0.976,0.2561679790026247,0.4595103578154426,5.854771784232365
nms,NMS,0.020358807419557905,244,1415,6,56,250,1715,0.14707655213984328,0.976,0.976,0.2556312205343111,0.4588191049266641,5.871369294605809
nms,NMS,0.020059272716794186,244,1419,6,56,250,1719,0.14672279013830428,0.976,0.976,0.25509670674333507,0.45812992865189633,5.8879668049792535
nms,NMS,0.019837814106977936,244,1423,6,56,250,1723,0.14637072585482905,0.976,0.976,0.2545644235785081,0.4574428196475441,5.904564315352697
nms,NMS,0.019563877140517077,244,1427,6,56,250,1727,0.14602034709754638,0.976,0.976,0.2540343571056741,0.4567577686259828,5.921161825726141
nms,NMS,0.019472210394390094,244,1429,6,56,250,1729,0.14584578601315004,0.976,0.976,0.2537701508060322,0.45641601197156756,5.929460580912863
nms,NMS,0.019150790087091623,244,1433,6,56,250,1733,0.1454979129397734,0.976,0.976,0.2532433834976648,0.4557340306313037,5.946058091286307
nms,NMS,0.01892423780167463,244,1437,6,56,250,1737,0.1451516954193932,0.976,0.976,0.2527187985499741,0.45505408429690414,5.962655601659751
nms,NMS,0.018728137961588197,244,1441,6,56,250,1741,0.14480712166172108,0.976,0.976,0.2521963824289406,0.4543761638733706,5.979253112033195
nms,NMS,0.01847832675725328,244,1445,6,56,250,1745,0.14446417998815866,0.976,0.976,0.25167612171222276,0.4537002603198215,5.995850622406639
nms,NMS,0.018288982034516177,244,1448,6,56,250,1748,0.14420803782505912,0.976,0.976,0.25128733264675596,0.4531946508172363,6.008298755186722
nms,NMS,0.01816033583761747,244,1452,6,56,250,1752,0.14386792452830188,0.976,0.976,0.25077081192189105,0.4525222551928783,6.024896265560166
nms,NMS,0.01789335980477446,244,1456,6,56,250,1756,0.14352941176470588,0.976,0.976,0.25025641025641027,0.4518518518518518,6.04149377593361
nms,NMS,0.017792494827762517,244,1459,6,56,250,1759,0.1432765707574868,0.976,0.976,0.24987199180747569,0.4513503514613392,6.053941908713693
nms,NMS,0.01755223534400344,244,1463,6,56,250,1763,0.14294083186877563,0.976,0.976,0.24936126724578436,0.4506834133727374,6.070539419087137
nms,NMS,0.017352730971129122,244,1467,6,56,250,1767,0.14260666277030976,0.976,0.976,0.24885262621111678,0.450018443378827,6.087136929460581
nms,NMS,0.017158047612610243,244,1471,6,56,250,1771,0.1422740524781341,0.976,0.976,0.24834605597964376,0.4493554327808471,6.1037344398340245
nms,NMS,0.017011636830342125,244,1474,6,56,250,1774,0.1420256111757858,0.976,0.976,0.2479674796747967,0.448859455481972,6.1161825726141075
nms,NMS,0.016862950397263144,244,1478,6,56,250,1778,0.14169570267131243,0.976,0.976,0.24746450304259635,0.44819985304922844,6.132780082987552
nms,NMS,0.01669199728047343,244,1482,6,56,250,1782,0.1413673232908459,0.976,0.976,0.24696356275303644,0.44754218635363174,6.149377593360996
nms,NMS,0.01637028113276523,244,1485,6,56,250,1785,0.14112203585887798,0.976,0.976,0.246589186457807,0.4470502015390253,6.161825726141079
nms,NMS,0.015901488768747016,244,1488,6,56,250,1788,0.14087759815242495,0.976,0.976,0.24621594349142278,0.44655929721815524,6.174273858921162
nms,NMS,0.015713263556931555,244,1492,6,56,250,1792,0.14055299539170507,0.976,0.976,0.2457200402819738,0.445906432748538,6.190871369294606
nms,NMS,0.01555044634321333,244,1496,6,56,250,1796,0.14022988505747128,0.976,0.976,0.24522613065326634,0.44525547445255476,6.20746887966805
nms,NMS,0.015130657948600877,244,1500,6,56,250,1800,0.13990825688073394,0.976,0.976,0.24473420260782344,0.4446064139941691,6.224066390041494
nms,NMS,0.014947566280319865,244,1504,6,56,250,1804,0.13958810068649885,0.976,0.976,0.2442442442442442,0.44395924308588064,6.240663900414938
nms,NMS,0.014776847252918184,244,1508,6,56,250,1808,0.13926940639269406,0.976,0.976,0.24375624375624372,0.4433139534883721,6.257261410788382
nms,NMS,0.014471669670416432,244,1512,6,56,250,1812,0.13895216400911162,0.976,0.976,0.2432701894317049,0.4426705370101597,6.273858921161826
nms,NMS,0.014224351948196741,244,1514,6,57,250,1815,0.13879408418657566,0.976,0.976,0.24302788844621517,0.4423495286439449,6.282157676348548
nms,NMS,0.013938953696544675,244,1518,6,57,250,1819,0.13847900113507378,0.976,0.976,0.24254473161033796,0.44170890658942796,6.2987551867219915
nms,NMS,0.013836342149180418,244,1521,6,57,250,1822,0.13824362606232293,0.976,0.976,0.24218362282878408,0.4412296564195298,6.3112033195020745
nms,NMS,0.013561385244748465,244,1525,6,57,250,1826,0.13793103448275862,0.976,0.976,0.24170381376919264,0.4405922715781871,6.327800829875518
nms,NMS,0.013342857568325319,244,1529,6,57,250,1830,0.13761985335589397,0.976,0.976,0.24122590212555614,0.4399567255679769,6.344398340248962
nms,NMS,0.013171516290128369,244,1531,6,57,250,1832,0.13746478873239437,0.976,0.976,0.24098765432098768,0.43963963963963965,6.352697095435684
nms,NMS,0.013048125857313644,244,1535,6,57,250,1836,0.13715570545250141,0.976,0.976,0.2405125677673731,0.4390068369917236,6.369294605809128
nms,NMS,0.012952215232551963,244,1539,6,57,250,1840,0.13684800897363994,0.976,0.976,0.2400393507132317,0.4383758533956163,6.385892116182573
nms,NMS,0.012639310653218223,244,1543,6,57,250,1844,0.1365416899832121,0.976,0.976,0.23956799214531171,0.43774668101901687,6.402489626556017
nms,NMS,0.012490772492543297,244,1548,6,57,250,1849,0.13616071428571427,0.976,0.976,0.23898139079333985,0.4369627507163323,6.423236514522822
nms,NMS,0.012382416981939827,244,1551,6,57,250,1852,0.13593314763231198,0.976,0.976,0.2386308068459658,0.43649373881932024,6.435684647302905
nms,NMS,0.012277147675969222,244,1555,6,57,250,1856,0.1356309060589216,0.976,0.976,0.23816495851634945,0.435869953554841,6.452282157676349
nms,NMS,0.012001218698356481,244,1559,6,57,250,1860,0.1353300055463117,0.976,0.976,0.23770092547491478,0.43524794862647165,6.468879668049793
nms,NMS,0.011818326548460443,244,1562,6,57,250,1863,0.13510520487264674,0.976,0.976,0.23735408560311289,0.43478260869565216,6.481327800829876
nms,NMS,0.011704432565541113,244,1565,6,57,250,1866,0.13488114980652294,0.976,0.976,0.23700825643516266,0.4343182627269491,6.4937759336099585
nms,NMS,0.011450695233497659,244,1569,6,57,250,1870,0.13458356315499173,0.976,0.976,0.23654871546291809,0.4337006754354781,6.5103734439834025
nms,NMS,0.011312508183932026,244,1571,6,57,250,1872,0.13443526170798897,0.976,0.976,0.236319612590799,0.43339253996447596,6.518672199170124
nms,NMS,0.011247529861834311,245,1573,5,57,250,1875,0.13476347634763478,0.98,0.98,0.2369439071566731,0.43470546486870126,6.526970954356846
nms,NMS,0.011084530330997143,245,1577,5,57,250,1879,0.1344676180021954,0.98,0.98,0.23648648648648649,0.4340892983699504,6.54356846473029
nms,NMS,0.010938648957788533,245,1581,5,57,250,1883,0.13417305585980285,0.98,0.98,0.23603082851637766,0.4334748761500354,6.560165975103734
nms,NMS,0.01067905746638453,245,1585,5,57,250,1887,0.13387978142076504,0.98,0.98,0.2355769230769231,0.43286219081272087,6.576763485477178
nms,NMS,0.01042172687152016,245,1589,5,57,250,1891,0.13358778625954199,0.98,0.98,0.2351247600767754,0.4322512350035286,6.593360995850622
nms,NMS,0.010323008326569653,245,1592,5,57,250,1894,0.13336962438758845,0.98,0.98,0.23478677527551509,0.43179414874867816,6.605809128630705
nms,NMS,0.010118412928619053,245,1594,5,57,250,1896,0.13322457857531267,0.98,0.98,0.23456199138343703,0.43148996125396266,6.614107883817427
nms,NMS,0.009953634960853093,245,1598,5,57,250,1900,0.13293543136190994,0.98,0.98,0.23411371237458198,0.4308828702075273,6.630705394190872
nms,NMS,0.009787443827663124,245,1602,5,57,250,1904,0.13264753654574987,0.98,0.98,0.2336671435383882,0.4302774850720056,6.647302904564316
nms,NMS,0.009590154551135538,245,1605,5,57,250,1907,0.13243243243243244,0.98,0.98,0.23333333333333336,0.42982456140350883,6.659751037344399
nms,NMS,0.009533816975598259,245,1608,5,57,250,1910,0.13221802482460873,0.98,0.98,0.2330004755111745,0.429372590255871,6.672199170124482
nms,NMS,0.009413744574744174,245,1612,5,57,250,1914,0.13193322563274099,0.98,0.98,0.23255813953488372,0.4287714385719286,6.6887966804979255
nms,NMS,0.009230892162020093,245,1616,5,57,250,1918,0.13164965072541646,0.98,0.98,0.23211747986736142,0.42817196784341144,6.7053941908713695
nms,NMS,0.009106620979990671,245,1620,5,57,250,1922,0.13136729222520108,0.98,0.98,0.2316784869976359,0.42757417102966844,6.721991701244813
nms,NMS,0.008898586907600427,245,1624,5,57,250,1926,0.13108614232209737,0.98,0.98,0.23124115148655025,0.4269780411293133,6.738589211618257
nms,NMS,0.008702429785485471,245,1628,5,57,250,1930,0.13080619327282433,0.98,0.98,0.2308054639660857,0.4263835711799513,6.755186721991701
nms,NMS,0.008672489027833076,245,1631,5,57,250,1933,0.13059701492537312,0.98,0.98,0.23047977422389457,0.4259388038942976,6.767634854771784
nms,NMS,0.008348536762404586,245,1634,5,57,250,1936,0.1303885045236828,0.98,0.98,0.23015500234852043,0.4254949635290031,6.780082987551867
nms,NMS,0.008285021409444017,245,1638,5,57,250,1940,0.13011152416356878,0.98,0.98,0.2297233942803563,0.42490461325008677,6.796680497925311
nms,NMS,0.008163715723221691,245,1642,5,57,250,1944,0.12983571807101218,0.98,0.98,0.229293401965372,0.42431589885694493,6.813278008298755
nms,NMS,0.007955722990496506,245,1646,5,57,250,1948,0.12956107879428874,0.98,0.98,0.22886501634750117,0.423728813559322,6.829875518672199
nms,NMS,0.007907075086679895,245,1650,5,57,250,1952,0.12928759894459102,0.98,0.98,0.22843822843822842,0.4231433506044905,6.846473029045643
nms,NMS,0.0077514620057230685,245,1654,5,57,250,1956,0.129015271195366,0.98,0.98,0.2280130293159609,0.4225595032769921,6.863070539419087
nms,NMS,0.007715961003599184,245,1658,5,57,250,1960,0.12874408828166053,0.98,0.98,0.22758941012540637,0.421977264898381,6.8796680497925315
nms,NMS,0.007616570481459275,245,1662,5,57,250,1964,0.12847404299947562,0.98,0.98,0.22716736207695873,0.4213966288269694,6.8962655601659755
nms,NMS,0.007467575010520915,246,1665,4,57,250,1968,0.12872841444270017,0.984,0.984,0.22767237390097178,0.4225352112676056,6.908713692946058
nms,NMS,0.0074117444232809455,246,1668,4,57,250,1971,0.12852664576802508,0.984,0.984,0.22735674676524956,0.4221002059025395,6.921161825726141
nms,NMS,0.007326521959230203,246,1671,4,57,250,1974,0.12832550860719874,0.984,0.984,0.22704199353945545,0.4216660953033939,6.933609958506224
nms,NMS,0.007265444078045664,246,1674,4,57,250,1977,0.128125,0.984,0.984,0.22672811059907833,0.4212328767123288,6.946058091286307
nms,NMS,0.007218902130580785,246,1678,4,57,250,1981,0.12785862785862787,0.984,0.984,0.22631094756209755,0.42065663474692205,6.962655601659751
nms,NMS,0.007162266076276572,246,1681,4,57,250,1984,0.1276595744680851,0.984,0.984,0.22599908130454754,0.4202254868466006,6.975103734439834
nms,NMS,0.007088783154423195,246,1685,4,57,250,1988,0.12739513205592956,0.984,0.984,0.22558459422283353,0.4196519959058342,6.991701244813278
nms,NMS,0.006967813763695177,246,1689,4,57,250,1992,0.12713178294573643,0.984,0.984,0.22517162471395882,0.41908006814310045,7.008298755186722
nms,NMS,0.006857346453690731,246,1693,4,57,250,1996,0.12686952037132543,0.984,0.984,0.2247601644586569,0.41850969717591024,7.024896265560166
nms,NMS,0.006769497824373889,246,1696,4,57,250,1999,0.1266735324407827,0.984,0.984,0.22445255474452555,0.41808293677770225,7.037344398340249
nms,NMS,0.006601925756895186,246,1700,4,57,250,2003,0.1264131551901336,0.984,0.984,0.22404371584699453,0.4175152749490835,7.053941908713693
nms,NMS,0.006383274170925046,246,1704,4,57,250,2007,0.12615384615384614,0.984,0.984,0.22363636363636363,0.4169491525423728,7.070539419087137
nms,NMS,0.006357568088147076,246,1707,4,57,250,2010,0.1259600614439324,0.984,0.984,0.22333182024512024,0.41652556721977657,7.08298755186722
nms,NMS,0.006279230084290666,246,1711,4,57,250,2014,0.1257026060296372,0.984,0.984,0.22292705029451748,0.41596212377409536,7.0995850622406635
nms,NMS,0.0060856092321588595,246,1715,4,57,250,2018,0.12544620091789904,0.984,0.984,0.22252374491180466,0.4154002026342452,7.1161825726141075
nms,NMS,0.006018546197922553,246,1718,4,57,250,2021,0.12525458248472504,0.984,0.984,0.22222222222222218,0.4149797570850202,7.128630705394191
nms,NMS,0.005966324413170632,246,1721,4,57,250,2024,0.12506354855109303,0.984,0.984,0.2219215155615697,0.4145601617795753,7.141078838174274
nms,NMS,0.005848841931662213,246,1725,4,57,250,2028,0.1248097412480974,0.984,0.984,0.22152183701035566,0.41400201952204646,7.157676348547718
nms,NMS,0.005832516457915938,246,1729,4,57,250,2032,0.12455696202531645,0.984,0.984,0.22112359550561797,0.4134453781512605,7.174273858921162
nms,NMS,0.0057985457367684765,246,1733,4,57,250,2036,0.12430520464881253,0.984,0.984,0.22072678331090176,0.4128902316213494,7.190871369294606
nms,NMS,0.005766979464315273,246,1737,4,57,250,2040,0.12405446293494705,0.984,0.984,0.22033139274518582,0.4123365739188737,7.20746887966805
nms,NMS,0.0056448110923368955,246,1740,4,57,250,2043,0.12386706948640483,0.984,0.984,0.22003577817531306,0.4119223040857334,7.219917012448133
nms,NMS,0.005545308321539189,246,1743,4,57,250,2046,0.12368024132730016,0.984,0.984,0.21974095578383207,0.4115088658414185,7.232365145228216
nms,NMS,0.005454458300876053,246,1746,4,57,250,2049,0.12349397590361445,0.984,0.984,0.21944692239072255,0.411096256684492,7.244813278008299
nms,NMS,0.005312140289998004,246,1750,4,57,250,2053,0.12324649298597194,0.984,0.984,0.2190560997328584,0.4105473965287049,7.261410788381743
nms,NMS,0.005080875718133145,246,1754,4,57,250,2057,0.123,0.984,0.984,0.21866666666666668,0.41000000000000003,7.278008298755187
nms,NMS,0.0047928714553973125,246,1758,4,57,250,2061,0.12275449101796407,0.984,0.984,0.21827861579414373,0.40945406125166445,7.2946058091286305
nms,NMS,0.004588000414930156,246,1762,4,57,250,2065,0.12250996015936255,0.984,0.984,0.2178919397697077,0.40890957446808507,7.3112033195020745
nms,NMS,0.004528660581154188,246,1766,4,57,250,2069,0.12226640159045726,0.984,0.984,0.21750663129973474,0.4083665338645419,7.327800829875518
nms,NMS,0.0044050333617621186,246,1770,4,57,250,2073,0.12202380952380952,0.984,0.984,0.21712268314210062,0.4078249336870026,7.344398340248962
nms,NMS,0.0042653619993327264,246,1774,4,57,250,2077,0.12178217821782178,0.984,0.984,0.21674008810572687,0.4072847682119205,7.360995850622406
nms,NMS,0.0040469127579892995,246,1776,4,57,250,2079,0.12166172106824925,0.984,0.984,0.21654929577464785,0.40701522170747856,7.369294605809128
nms,NMS,0.00392983225351436,246,1780,4,57,250,2083,0.12142152023692004,0.984,0.984,0.2161687170474517,0.4064771976206213,7.385892116182573
nms,NMS,0.0038658110072766314,246,1783,4,57,250,2086,0.12124199112863479,0.984,0.984,0.21588415971917504,0.4060746120831958,7.398340248962656
nms,NMS,0.0036683142031611413,246,1787,4,57,250,2090,0.12100344318740777,0.984,0.984,0.21550591327201052,0.4055390702274975,7.4149377593361
nms,NMS,0.0035826853844073067,246,1790,4,57,250,2093,0.12082514734774066,0.984,0.984,0.2152230971128609,0.40513833992094866,7.427385892116183
nms,NMS,0.003484732600822706,246,1795,4,57,250,2098,0.12052915237628613,0.984,0.984,0.21475338280226974,0.4044722130878,7.448132780082988
nms,NMS,0.0034011598429071273,246,1799,4,57,250,2102,0.12029339853300733,0.984,0.984,0.21437908496732028,0.4039408866995074,7.464730290456432
nms,NMS,0.0033160731933330103,246,1802,4,57,250,2105,0.1201171875,0.984,0.984,0.21409921671018275,0.4035433070866142,7.477178423236515
nms,NMS,0.003200532138698892,246,1805,4,57,250,2108,0.11994149195514384,0.984,0.984,0.2138200782268579,0.4031465093411996,7.4896265560165975
nms,NMS,0.0030766852464927667,246,1809,4,57,250,2112,0.11970802919708029,0.984,0.984,0.21344902386117137,0.4026186579378069,7.5062240663900415
nms,NMS,0.0029993892163466757,246,1813,4,57,250,2116,0.11947547353084022,0.984,0.984,0.213079255088783,0.40209218698921223,7.522821576763485
nms,NMS,0.002747483255383114,246,1817,4,57,250,2120,0.11924381968007755,0.984,0.984,0.21271076523994809,0.4015670910871694,7.539419087136929
nms,NMS,0.0026991434208700864,246,1821,4,57,250,2124,0.11901306240928883,0.984,0.984,0.2123435476909797,0.4010433648516466,7.556016597510373
nms,NMS,0.002595532420700364,246,1824,4,57,250,2127,0.11884057971014493,0.984,0.984,0.21206896551724141,0.4006514657980456,7.568464730290456
nms,NMS,0.002455627812115313,246,1827,4,57,250,2130,0.11866859623733719,0.984,0.984,0.21179509255273352,0.4002603319232021,7.580912863070539
nms,NMS,0.002348695496617974,246,1830,4,57,250,2133,0.11849710982658959,0.984,0.984,0.21152192605331038,0.39986996098829647,7.593360995850622
nms,NMS,0.0022883151184252526,246,1833,4,57,250,2136,0.11832611832611832,0.984,0.984,0.2112494632889652,0.3994803507632348,7.605809128630705
nms,NMS,0.002254381130781349,246,1837,4,57,250,2140,0.11809889582333173,0.984,0.984,0.21088726960994428,0.3989620499513461,7.622406639004149
nms,NMS,0.002199943215336067,246,1840,4,57,250,2143,0.11792905081495686,0.984,0.984,0.2106164383561644,0.39857420609202854,7.634854771784233
nms,NMS,0.0021575295513001336,246,1843,4,57,250,2146,0.11775969363331738,0.984,0.984,0.21034630183839248,0.39818711557138226,7.647302904564316
nms,NMS,0.002113549105481917,246,1845,4,57,250,2148,0.11764705882352941,0.984,0.984,0.2101665954720205,0.39792947266256873,7.655601659751038
nms,NMS,0.0020569868173902876,246,1849,4,57,250,2152,0.11742243436754177,0.984,0.984,0.20980810234541578,0.3974151857835218,7.672199170124482
nms,NMS,0.0020160145614797633,246,1853,4,57,250,2156,0.11719866603144355,0.984,0.984,0.20945083014048535,0.3969022265246854,7.6887966804979255
nms,NMS,0.0019726906218907898,246,1856,4,57,250,2159,0.1170313986679353,0.984,0.984,0.20918367346938777,0.39651837524177946,7.7012448132780085
nms,NMS,0.0019461943762828849,246,1859,4,57,250,2162,0.1168646080760095,0.984,0.984,0.20891719745222934,0.396135265700483,7.713692946058091
nms,NMS,0.001872652391628509,246,1863,4,57,250,2166,0.1166429587482219,0.984,0.984,0.20856295040271303,0.39562560308780953,7.730290456431535
nms,NMS,0.0018338413279289322,246,1867,4,57,250,2170,0.11642214860388074,0.984,0.984,0.20820990266610243,0.39511725024092514,7.746887966804979
nms,NMS,0.0017925732329916115,246,1871,4,57,250,2174,0.11620217288615967,0.984,0.984,0.20785804816223066,0.39461020211742065,7.763485477178423
nms,NMS,0.0017603134987763639,246,1874,4,57,250,2177,0.1160377358490566,0.984,0.984,0.20759493670886078,0.3942307692307693,7.775933609958506
nms,NMS,0.001561323373793504,246,1876,4,57,250,2179,0.11592836946277098,0.984,0.984,0.20741989881956155,0.39397821909032676,7.784232365145228
nms,NMS,0.0015503797048652388,246,1880,4,57,250,2183,0.11571025399811853,0.984,0.984,0.20707070707070707,0.3934740882917466,7.800829875518672
nms,NMS,0.0015021979624922231,246,1882,4,57,250,2185,0.1156015037593985,0.984,0.984,0.20689655172413793,0.39322250639386197,7.809128630705394
nms,NMS,0.001457795069442326,246,1885,4,57,250,2188,0.11543876114500234,0.984,0.984,0.20663586728265435,0.39284573618652185,7.821576763485477
nms,NMS,0.001430028818527076,246,1889,4,57,250,2192,0.11522248243559718,0.984,0.984,0.2062893081761006,0.39234449760765544,7.838174273858921
nms,NMS,0.001392839167946835,246,1891,4,57,250,2194,0.11511464670098269,0.984,0.984,0.2061164641809803,0.39209435766656037,7.846473029045643
nms,NMS,0.001331380804455748,246,1894,4,57,250,2197,0.11495327102803739,0.984,0.984,0.20585774058577405,0.39171974522292996,7.858921161825726
nms,NMS,0.0012468739978059016,246,1898,4,57,250,2201,0.11473880597014925,0.984,0.984,0.20551378446115287,0.39122137404580154,7.875518672199171
nms,NMS,0.0010816725251330626,246,1902,4,57,250,2205,0.11452513966480447,0.984,0.984,0.20517097581317767,0.3907242693773824,7.8921161825726145
nms,NMS,0.0009507745897826995,246,1905,4,57,250,2208,0.11436541143654114,0.984,0.984,0.204914618908788,0.390352269120914,7.904564315352697
nms,NMS,0.000893648447106566,246,1909,4,57,250,2212,0.11415313225058005,0.984,0.984,0.20457380457380459,0.3898573692551505,7.921161825726141
nms,NMS,0.0008463562288284563,246,1913,4,57,250,2216,0.11394163964798518,0.984,0.984,0.20423412204234123,0.389363722697056,7.937759336099585
nms,NMS,0.0007981716926170634,246,1915,4,57,250,2218,0.11383618695048589,0.984,0.984,0.20406470344255498,0.3891173679215438,7.946058091286307
nms,NMS,0.000732256901538832,246,1919,4,57,250,2222,0.11362586605080831,0.984,0.984,0.20372670807453416,0.3886255924170616,7.962655601659751
nms,NMS,0.0006952465488873121,246,1923,4,57,250,2226,0.11341632088520055,0.984,0.984,0.20338983050847456,0.3881350583780372,7.979253112033195
nms,NMS,0.0006666707892285188,246,1926,4,57,250,2229,0.1132596685082873,0.984,0.984,0.20313790255986788,0.38776796973518285,7.991701244813278
nms,NMS,0.00061644537776434,246,1930,4,57,250,2233,0.1130514705882353,0.984,0.984,0.20280296784830998,0.38727959697733005,8.008298755186722
nms,NMS,0.000595068681284973,246,1933,4,57,250,2236,0.11289582377237264,0.984,0.984,0.20255249073692877,0.3869141239383454,8.020746887966805
nms,NMS,0.0004921162812681471,246,1937,4,57,250,2240,0.11268896014658726,0.984,0.984,0.20221948212083846,0.3864278982092366,8.037344398340249
nms,NMS,0.0004278604971485503,246,1940,4,57,250,2243,0.11253430924062215,0.984,0.984,0.20197044334975373,0.3860640301318268,8.049792531120332
nms,NMS,0.0003556468120951081,246,1943,4,57,250,2246,0.11238008222932847,0.984,0.984,0.20172201722017222,0.3857008466603951,8.062240663900415
nms,NMS,0.00019255959272499303,246,1947,4,57,250,2250,0.1121751025991792,0.984,0.984,0.20139173147769135,0.3852176636392108,8.078838174273859
nms,NMS,7.07319255320958e-05,246,1951,4,57,250,2254,0.11197086936731906,0.984,0.984,0.20106252554147935,0.3847356897091023,8.095435684647303
nms,NMS,7.07309255320958e-05,246,1951,4,57,250,2254,0.11197086936731906,0.984,0.984,0.20106252554147935,0.3847356897091023,8.095435684647303
