split,threshold,TP,FP,TN,FN,accuracy,precision,recall,specificity,FPR,F1,F2,ROC_AUC,PR_AP
test,0.662830839677209,188,121,2030,87,0.914262,0.608414,0.683636,0.943747,0.056253,0.643836,0.66714,0.933173,0.695436
test,0.6457088103877139,193,132,2019,82,0.911789,0.593846,0.701818,0.938633,0.061367,0.643333,0.677193,0.933173,0.695436
test,0.6679903207307389,185,116,2035,90,0.915087,0.614618,0.672727,0.946072,0.053928,0.642361,0.660243,0.933173,0.695436
test,0.5649421840557853,211,171,1980,64,0.903133,0.552356,0.767273,0.920502,0.079498,0.642314,0.711876,0.933173,0.695436
test,0.5477560343533568,216,182,1969,59,0.90066,0.542714,0.785455,0.915388,0.084612,0.641902,0.720961,0.933173,0.695436
test,0.5209213186437859,221,193,1958,54,0.898186,0.533816,0.803636,0.910274,0.089726,0.641509,0.729855,0.933173,0.695436
test,0.5755644861401984,208,166,1985,67,0.903957,0.55615,0.756364,0.922827,0.077173,0.640986,0.705563,0.933173,0.695436
test,0.5543712766364937,213,177,1974,62,0.901484,0.546154,0.774545,0.917713,0.082287,0.640602,0.714765,0.933173,0.695436
test,0.5079894067421333,223,199,1952,52,0.896538,0.528436,0.810909,0.907485,0.092515,0.639885,0.732589,0.933173,0.695436
test,0.5943689503203576,202,155,1996,73,0.906018,0.565826,0.734545,0.92794,0.07206,0.639241,0.693205,0.933173,0.695436
test,0.7010605624843316,176,100,2051,99,0.917972,0.637681,0.64,0.95351,0.04649,0.638838,0.639535,0.933173,0.695436
test,0.6523259077526904,189,128,2023,86,0.911789,0.596215,0.687273,0.940493,0.059507,0.638514,0.666902,0.933173,0.695436
test,0.6331197859324762,194,139,2012,81,0.909316,0.582583,0.705455,0.935379,0.064621,0.638158,0.676902,0.933173,0.695436
test,0.7541701398749102,168,84,2067,107,0.92127,0.666667,0.610909,0.960948,0.039052,0.637571,0.621302,0.933173,0.695436
test,0.5336650394668946,217,189,1962,58,0.898186,0.534483,0.789091,0.912134,0.087866,0.637298,0.720452,0.933173,0.695436
test,0.770322603307729,165,79,2072,110,0.922094,0.67623,0.6,0.963273,0.036727,0.635838,0.613839,0.933173,0.695436
test,0.7298624539315324,170,90,2061,105,0.919621,0.653846,0.618182,0.958159,0.041841,0.635514,0.625,0.933173,0.695436
test,0.6799658271917657,180,112,2039,95,0.914674,0.616438,0.654545,0.947931,0.052069,0.634921,0.646552,0.933173,0.695436
test,0.6036983492481982,198,151,2000,77,0.906018,0.567335,0.72,0.9298,0.0702,0.634615,0.68323,0.933173,0.695436
test,0.5867119525160215,203,162,1989,72,0.903545,0.556164,0.738182,0.924686,0.075314,0.634375,0.692833,0.933173,0.695436
test,0.7140036810602675,172,96,2055,103,0.917972,0.641791,0.625455,0.95537,0.04463,0.633517,0.628655,0.933173,0.695436
test,0.689350218615556,177,107,2044,98,0.915499,0.623239,0.643636,0.950256,0.049744,0.633274,0.639451,0.933173,0.695436
test,0.6125427125337828,195,146,2005,80,0.906843,0.571848,0.709091,0.932125,0.067875,0.633117,0.676613,0.933173,0.695436
test,0.4611174080142034,231,224,1927,44,0.88953,0.507692,0.84,0.895862,0.104138,0.632877,0.742765,0.933173,0.695436
test,0.4956889486295169,223,207,1944,52,0.89324,0.518605,0.810909,0.903766,0.096234,0.632624,0.728758,0.933173,0.695436
test,0.4722237309801525,228,219,1932,47,0.890354,0.510067,0.829091,0.898187,0.101813,0.631579,0.73691,0.933173,0.695436
test,0.7850835542732169,161,75,2076,114,0.922094,0.682203,0.585455,0.965132,0.034868,0.630137,0.602545,0.933173,0.695436
test,0.45121067170494567,232,231,1920,43,0.887057,0.50108,0.843636,0.892608,0.107392,0.628726,0.742163,0.933173,0.695436
test,0.48826710112411315,224,214,1937,51,0.890767,0.511416,0.814545,0.900511,0.099489,0.628331,0.728218,0.933173,0.695436
test,0.7966866943814419,157,71,2080,118,0.922094,0.688596,0.570909,0.966992,0.033008,0.624254,0.591114,0.933173,0.695436
test,0.4442416919633047,232,239,1912,43,0.883759,0.492569,0.843636,0.888889,0.111111,0.621984,0.738383,0.933173,0.695436
test,0.4349053039606775,236,251,1900,39,0.880462,0.4846,0.858182,0.88331,0.11669,0.619423,0.743541,0.933173,0.695436
test,0.4253057128244301,238,257,1894,37,0.878813,0.480808,0.865455,0.880521,0.119479,0.618182,0.746082,0.933173,0.695436
test,0.4407688058035096,233,246,1905,42,0.881286,0.48643,0.847273,0.885635,0.114365,0.618037,0.737809,0.933173,0.695436
test,0.8083435614122544,152,67,2084,123,0.921682,0.694064,0.552727,0.968852,0.031148,0.615385,0.576194,0.933173,0.695436
test,0.41901178298767555,238,265,1886,37,0.875515,0.473161,0.865455,0.876801,0.123199,0.611825,0.742358,0.933173,0.695436
test,0.4094345851516502,238,273,1878,37,0.872218,0.465753,0.865455,0.873082,0.126918,0.605598,0.738672,0.933173,0.695436
test,0.8192107120972033,147,64,2087,128,0.920857,0.696682,0.534545,0.970246,0.029754,0.604938,0.560641,0.933173,0.695436
test,0.40310594760686047,239,281,1870,36,0.869332,0.459615,0.869091,0.869363,0.130637,0.601258,0.737654,0.933173,0.695436
test,0.3972193161840552,240,288,1863,35,0.866859,0.454545,0.872727,0.866109,0.133891,0.597758,0.737101,0.933173,0.695436
test,0.38309318449289076,241,295,1856,34,0.864386,0.449627,0.876364,0.862854,0.137146,0.594328,0.736553,0.933173,0.695436
test,0.37703382672456226,242,302,1849,33,0.861913,0.444853,0.88,0.8596,0.1404,0.590965,0.73601,0.933173,0.695436
test,0.8268097614865142,141,62,2089,134,0.919209,0.694581,0.512727,0.971176,0.028824,0.589958,0.541059,0.933173,0.695436
test,0.834499781352746,138,57,2094,137,0.920033,0.707692,0.501818,0.973501,0.026499,0.587234,0.532819,0.933173,0.695436
test,0.36734735018971865,242,310,1841,33,0.858615,0.438406,0.88,0.855881,0.144119,0.585248,0.732446,0.933173,0.695436
test,0.36023177968182163,243,317,1834,32,0.856142,0.433929,0.883636,0.852627,0.147373,0.582036,0.731928,0.933173,0.695436
test,0.3544735348801906,244,324,1827,31,0.853669,0.429577,0.887273,0.849372,0.150628,0.578885,0.731415,0.933173,0.695436
test,0.3332396106564998,248,336,1815,27,0.850371,0.424658,0.901818,0.843794,0.156206,0.577416,0.736342,0.933173,0.695436
test,0.3445718382694144,245,331,1820,30,0.851195,0.425347,0.890909,0.846118,0.153882,0.575793,0.730907,0.933173,0.695436
test,0.8400232917567763,133,54,2097,142,0.919209,0.71123,0.483636,0.974895,0.025105,0.575758,0.516706,0.933173,0.695436
test,0.8471837845416247,130,49,2102,145,0.920033,0.726257,0.472727,0.97722,0.02278,0.572687,0.50821,0.933173,0.695436
test,0.3224623598453724,248,345,1806,27,0.846661,0.418212,0.901818,0.839609,0.160391,0.571429,0.732428,0.933173,0.695436
test,0.3170982573462861,248,353,1798,27,0.843364,0.412646,0.901818,0.83589,0.16411,0.56621,0.728983,0.933173,0.695436
test,0.309256225890153,248,361,1790,27,0.840066,0.407225,0.901818,0.832171,0.167829,0.561086,0.725571,0.933173,0.695436
test,0.3033810303207301,250,367,1784,25,0.838417,0.405186,0.909091,0.829382,0.170618,0.560538,0.728014,0.933173,0.695436
test,0.8570332890148241,125,46,2105,150,0.919209,0.730994,0.454545,0.978615,0.021385,0.560538,0.491739,0.933173,0.695436
test,0.2891163307702483,250,375,1776,25,0.83512,0.4,0.909091,0.825662,0.174338,0.555556,0.724638,0.933173,0.695436
test,0.27754524198811187,252,381,1770,23,0.833471,0.398104,0.916364,0.822873,0.177127,0.555066,0.727063,0.933173,0.695436
test,0.8726057683189765,121,42,2109,154,0.919209,0.742331,0.44,0.980474,0.019526,0.552511,0.479018,0.933173,0.695436
test,0.2701612506302706,253,388,1763,22,0.830998,0.394696,0.92,0.819619,0.180381,0.552402,0.726594,0.933173,0.695436
test,0.8867638913457638,118,37,2114,157,0.920033,0.76129,0.429091,0.982799,0.017201,0.548837,0.47012,0.933173,0.695436
test,0.2599481881000274,253,396,1755,22,0.8277,0.389831,0.92,0.8159,0.1841,0.547619,0.72327,0.933173,0.695436
test,0.25018935761460015,254,403,1748,21,0.825227,0.386606,0.923636,0.812645,0.187355,0.545064,0.722823,0.933173,0.695436
test,0.23651677839509924,254,412,1739,21,0.821517,0.381381,0.923636,0.808461,0.191539,0.539851,0.719139,0.933173,0.695436
test,0.8962572364089447,113,33,2118,162,0.919621,0.773973,0.410909,0.984658,0.015342,0.536817,0.453451,0.933173,0.695436
test,0.23295033104307697,254,420,1731,21,0.818219,0.376855,0.923636,0.804742,0.195258,0.5353,0.715896,0.933173,0.695436
test,0.22792990316109374,255,427,1724,20,0.815746,0.3739,0.927273,0.801488,0.198512,0.532915,0.715488,0.933173,0.695436
test,0.22222438489220803,255,435,1716,20,0.812448,0.369565,0.927273,0.797768,0.202232,0.528497,0.712291,0.933173,0.695436
test,0.21911111531555655,256,442,1709,19,0.809975,0.366762,0.930909,0.794514,0.205486,0.526208,0.711902,0.933173,0.695436
test,0.9060813316585398,108,30,2121,167,0.918796,0.782609,0.392727,0.986053,0.013947,0.523002,0.436187,0.933173,0.695436
test,0.21493008978347197,256,450,1701,19,0.806678,0.362606,0.930909,0.790795,0.209205,0.521916,0.708749,0.933173,0.695436
test,0.20979395671402362,257,457,1694,18,0.804204,0.359944,0.934545,0.787541,0.212459,0.519717,0.708379,0.933173,0.695436
test,0.20705975937074728,257,465,1686,18,0.800907,0.355956,0.934545,0.783821,0.216179,0.515547,0.705269,0.933173,0.695436
test,0.19952140372644836,257,473,1678,18,0.797609,0.352055,0.934545,0.780102,0.219898,0.511443,0.702186,0.933173,0.695436
test,0.1946395527985127,258,481,1670,17,0.794724,0.34912,0.938182,0.776383,0.223617,0.508876,0.701468,0.933173,0.695436
test,0.1911260726598499,258,489,1662,17,0.791426,0.345382,0.938182,0.772664,0.227336,0.504892,0.69843,0.933173,0.695436
test,0.9203781969673649,102,28,2123,173,0.917148,0.784615,0.370909,0.986983,0.013017,0.503704,0.414634,0.933173,0.695436
test,0.18599230827321933,258,497,1654,17,0.788129,0.341722,0.938182,0.768945,0.231055,0.500971,0.695418,0.933173,0.695436
test,0.18174332973274718,258,505,1646,17,0.784831,0.338139,0.938182,0.765225,0.234775,0.49711,0.692432,0.933173,0.695436
test,0.17365274424704852,258,513,1638,17,0.781533,0.33463,0.938182,0.761506,0.238494,0.493308,0.689471,0.933173,0.695436
test,0.17089795705337146,258,521,1630,17,0.778236,0.331194,0.938182,0.757787,0.242213,0.489564,0.686535,0.933173,0.695436
test,0.16685965694550883,259,528,1623,16,0.775763,0.329098,0.941818,0.754533,0.245467,0.487759,0.686275,0.933173,0.695436
test,0.16274183528023578,260,535,1616,15,0.773289,0.327044,0.945455,0.751278,0.248722,0.485981,0.686016,0.933173,0.695436
test,0.925767153304912,96,26,2125,179,0.915499,0.786885,0.349091,0.987913,0.012087,0.483627,0.392799,0.933173,0.695436
test,0.15966929249087036,260,543,1608,15,0.769992,0.323786,0.945455,0.747559,0.252441,0.482375,0.683132,0.933173,0.695436
test,0.1537865420456501,262,558,1593,13,0.764633,0.319512,0.952727,0.740586,0.259414,0.478539,0.682292,0.933173,0.695436
test,0.15672157691512753,260,552,1599,15,0.766282,0.320197,0.945455,0.743375,0.256625,0.478381,0.679916,0.933173,0.695436
test,0.15020271365396598,262,566,1585,13,0.761336,0.316425,0.952727,0.736867,0.263133,0.475068,0.679461,0.933173,0.695436
test,0.14888534152007188,263,573,1578,12,0.758862,0.314593,0.956364,0.733612,0.266388,0.473447,0.679236,0.933173,0.695436
test,0.14722204633181643,263,581,1570,12,0.755565,0.311611,0.956364,0.729893,0.270107,0.470063,0.67644,0.933173,0.695436
test,0.14465824436708913,263,589,1562,12,0.752267,0.308685,0.956364,0.726174,0.273826,0.466726,0.673668,0.933173,0.695436
test,0.14136334635144646,263,597,1554,12,0.748969,0.305814,0.956364,0.722455,0.277545,0.463436,0.670918,0.933173,0.695436
test,0.9326167316330422,90,24,2127,185,0.91385,0.789474,0.327273,0.988842,0.011158,0.462725,0.370675,0.933173,0.695436
test,0.13905469164506878,263,605,1546,12,0.745672,0.302995,0.956364,0.718735,0.281265,0.460192,0.668191,0.933173,0.695436
test,0.13505849493342864,263,613,1538,12,0.742374,0.300228,0.956364,0.715016,0.284984,0.456994,0.665486,0.933173,0.695436
test,0.9398187856302285,87,19,2132,188,0.914674,0.820755,0.316364,0.991167,0.008833,0.456693,0.360697,0.933173,0.695436
test,0.12979631949468606,264,621,1530,11,0.739489,0.298305,0.96,0.711297,0.288703,0.455172,0.664987,0.933173,0.695436
test,0.1272805871814556,264,629,1522,11,0.736191,0.295633,0.96,0.707578,0.292422,0.452055,0.662318,0.933173,0.695436
test,0.12443773590790012,264,637,1514,11,0.732894,0.293008,0.96,0.703859,0.296141,0.44898,0.65967,0.933173,0.695436
test,0.12102552571868067,264,645,1506,11,0.729596,0.290429,0.96,0.700139,0.299861,0.445946,0.657043,0.933173,0.695436
test,0.11827579456891173,264,653,1498,11,0.726298,0.287895,0.96,0.69642,0.30358,0.442953,0.654437,0.933173,0.695436
test,0.11555060084974873,264,661,1490,11,0.723001,0.285405,0.96,0.692701,0.307299,0.44,0.651852,0.933173,0.695436
test,0.9493668093819938,82,16,2135,193,0.91385,0.836735,0.298182,0.992562,0.007438,0.439678,0.342237,0.933173,0.695436
test,0.11302566804429583,264,669,1482,11,0.719703,0.282958,0.96,0.688982,0.311018,0.437086,0.649287,0.933173,0.695436
test,0.10970182890804632,264,677,1474,11,0.716406,0.280553,0.96,0.685263,0.314737,0.434211,0.646742,0.933173,0.695436
test,0.10761630459165397,265,684,1467,10,0.713932,0.279241,0.963636,0.682008,0.317992,0.433007,0.646657,0.933173,0.695436
test,0.1040647808257848,265,693,1458,10,0.710223,0.276618,0.963636,0.677824,0.322176,0.429846,0.643829,0.933173,0.695436
test,0.10212124389671666,265,701,1450,10,0.706925,0.274327,0.963636,0.674105,0.325895,0.427075,0.641336,0.933173,0.695436
test,0.10088636257051656,265,709,1442,10,0.703627,0.272074,0.963636,0.670386,0.329614,0.424339,0.638862,0.933173,0.695436
test,0.09863699104046525,265,717,1434,10,0.70033,0.269857,0.963636,0.666667,0.333333,0.421639,0.636407,0.933173,0.695436
test,0.09668921395263674,265,725,1426,10,0.697032,0.267677,0.963636,0.662947,0.337053,0.418972,0.633971,0.933173,0.695436
test,0.09513900884756253,265,733,1418,10,0.693735,0.265531,0.963636,0.659228,0.340772,0.416339,0.631554,0.933173,0.695436
test,0.09292929176130993,266,740,1411,9,0.691261,0.264414,0.967273,0.655974,0.344026,0.415301,0.631529,0.933173,0.695436
test,0.09178552008443763,266,748,1403,9,0.687964,0.262327,0.967273,0.652255,0.347745,0.412723,0.629139,0.933173,0.695436
test,0.9566223757020337,75,15,2136,200,0.911377,0.833333,0.272727,0.993026,0.006974,0.410959,0.315126,0.933173,0.695436
test,0.09023938680663961,266,756,1395,9,0.684666,0.260274,0.967273,0.648536,0.351464,0.410177,0.626767,0.933173,0.695436
test,0.08855007540075448,266,765,1386,9,0.680956,0.258002,0.967273,0.644351,0.355649,0.407351,0.62412,0.933173,0.695436
test,0.08735548248922746,266,773,1378,9,0.677659,0.256015,0.967273,0.640632,0.359368,0.404871,0.621786,0.933173,0.695436
test,0.086320645920216,266,781,1370,9,0.674361,0.254059,0.967273,0.636913,0.363087,0.402421,0.619469,0.933173,0.695436
test,0.0854137957105638,266,789,1362,9,0.671063,0.252133,0.967273,0.633194,0.366806,0.4,0.617169,0.933173,0.695436
test,0.0842219884946535,266,797,1354,9,0.667766,0.250235,0.967273,0.629475,0.370525,0.397608,0.614887,0.933173,0.695436
test,0.08308960272954567,266,805,1346,9,0.664468,0.248366,0.967273,0.625755,0.374245,0.395245,0.612621,0.933173,0.695436
test,0.08220831681186427,267,812,1339,8,0.661995,0.247451,0.970909,0.622501,0.377499,0.394387,0.612666,0.933173,0.695436
test,0.08148021295710783,267,820,1331,8,0.658697,0.24563,0.970909,0.618782,0.381218,0.39207,0.610425,0.933173,0.695436
test,0.08079867001227843,268,827,1324,7,0.656224,0.244749,0.974545,0.615528,0.384472,0.391241,0.610478,0.933173,0.695436
test,0.07941176841345081,268,836,1315,7,0.652514,0.242754,0.974545,0.611344,0.388656,0.388687,0.607985,0.933173,0.695436
test,0.07872566382360154,268,844,1307,7,0.649217,0.241007,0.974545,0.607624,0.392376,0.386446,0.605787,0.933173,0.695436
test,0.07781569890205048,268,852,1299,7,0.645919,0.239286,0.974545,0.603905,0.396095,0.384229,0.603604,0.933173,0.695436
test,0.07718362414980309,268,860,1291,7,0.642622,0.237589,0.974545,0.600186,0.399814,0.382038,0.601436,0.933173,0.695436
test,0.9626990489921127,68,14,2137,207,0.908904,0.829268,0.247273,0.993491,0.006509,0.380952,0.287648,0.933173,0.695436
test,0.0764590517044651,268,868,1283,7,0.639324,0.235915,0.974545,0.596467,0.403533,0.379872,0.599284,0.933173,0.695436
test,0.07584365687585344,268,876,1275,7,0.636026,0.234266,0.974545,0.592748,0.407252,0.377731,0.597148,0.933173,0.695436
test,0.0751695281329499,268,884,1267,7,0.632729,0.232639,0.974545,0.589028,0.410972,0.375613,0.595027,0.933173,0.695436
test,0.07467631417968988,268,892,1259,7,0.629431,0.231034,0.974545,0.585309,0.414691,0.373519,0.59292,0.933173,0.695436
test,0.07403149963723621,268,900,1251,7,0.626134,0.229452,0.974545,0.58159,0.41841,0.371448,0.590829,0.933173,0.695436
test,0.07320183469499111,268,909,1242,7,0.622424,0.227698,0.974545,0.577406,0.422594,0.369146,0.588494,0.933173,0.695436
test,0.07260524195391403,268,917,1234,7,0.619126,0.22616,0.974545,0.573687,0.426313,0.367123,0.586433,0.933173,0.695436
test,0.0717998052934453,268,925,1226,7,0.615829,0.224644,0.974545,0.569967,0.430033,0.365123,0.584387,0.933173,0.695436
test,0.07087640785821114,268,933,1218,7,0.612531,0.223147,0.974545,0.566248,0.433752,0.363144,0.582355,0.933173,0.695436
test,0.07042402812423257,268,941,1210,7,0.609233,0.221671,0.974545,0.562529,0.437471,0.361186,0.580338,0.933173,0.695436
test,0.06996593001425506,268,949,1202,7,0.605936,0.220214,0.974545,0.55881,0.44119,0.359249,0.578334,0.933173,0.695436
test,0.06877933547655313,268,957,1194,7,0.602638,0.218776,0.974545,0.555091,0.444909,0.357333,0.576344,0.933173,0.695436
test,0.0679122650930864,268,965,1186,7,0.59934,0.217356,0.974545,0.551371,0.448629,0.355438,0.574368,0.933173,0.695436
test,0.06724535176549165,268,973,1178,7,0.596043,0.215955,0.974545,0.547652,0.452348,0.353562,0.572405,0.933173,0.695436
test,0.06647919088292964,268,981,1170,7,0.592745,0.214572,0.974545,0.543933,0.456067,0.351706,0.570456,0.933173,0.695436
test,0.9664915028891244,61,12,2139,214,0.906843,0.835616,0.221818,0.994421,0.005579,0.350575,0.260017,0.933173,0.695436
test,0.06529928020614231,268,990,1161,7,0.589035,0.213037,0.974545,0.539749,0.460251,0.349641,0.568278,0.933173,0.695436
test,0.06434100907243955,268,998,1153,7,0.585738,0.21169,0.974545,0.53603,0.46397,0.347826,0.566357,0.933173,0.695436
test,0.06384539754804154,268,1006,1145,7,0.58244,0.210361,0.974545,0.532311,0.467689,0.34603,0.564448,0.933173,0.695436
test,0.06344917275782408,268,1014,1137,7,0.579143,0.209048,0.974545,0.528591,0.471409,0.344252,0.562552,0.933173,0.695436
test,0.06270070982463403,268,1022,1129,7,0.575845,0.207752,0.974545,0.524872,0.475128,0.342492,0.560669,0.933173,0.695436
test,0.06222206503078157,268,1030,1121,7,0.572547,0.206471,0.974545,0.521153,0.478847,0.34075,0.558799,0.933173,0.695436
test,0.06175334844931042,268,1038,1113,7,0.56925,0.205207,0.974545,0.517434,0.482566,0.339026,0.556941,0.933173,0.695436
test,0.06132267246705823,268,1046,1105,7,0.565952,0.203957,0.974545,0.513715,0.486285,0.337319,0.555095,0.933173,0.695436
test,0.061054263795902876,268,1054,1097,7,0.562655,0.202723,0.974545,0.509995,0.490005,0.335629,0.553262,0.933173,0.695436
test,0.060782503921722186,268,1063,1088,7,0.558945,0.201352,0.974545,0.505811,0.494189,0.333748,0.551213,0.933173,0.695436
test,0.06043110978241679,268,1071,1080,7,0.555647,0.200149,0.974545,0.502092,0.497908,0.332094,0.549405,0.933173,0.695436
test,0.060095898510623094,268,1079,1072,7,0.55235,0.198961,0.974545,0.498373,0.501627,0.330456,0.547609,0.933173,0.695436
test,0.059794437400651455,268,1087,1064,7,0.549052,0.197786,0.974545,0.494654,0.505346,0.328834,0.545825,0.933173,0.695436
test,0.05919024667777134,268,1095,1056,7,0.545754,0.196625,0.974545,0.490934,0.509066,0.327228,0.544052,0.933173,0.695436
test,0.05820711088161277,268,1103,1048,7,0.542457,0.195478,0.974545,0.487215,0.512785,0.325638,0.542291,0.933173,0.695436
test,0.05760876999351743,268,1111,1040,7,0.539159,0.194344,0.974545,0.483496,0.516504,0.324063,0.540541,0.933173,0.695436
test,0.9704223473065712,55,10,2141,220,0.905194,0.846154,0.2,0.995351,0.004649,0.323529,0.236052,0.933173,0.695436
test,0.05664242760535017,268,1119,1032,7,0.535862,0.193223,0.974545,0.479777,0.520223,0.322503,0.538802,0.933173,0.695436
test,0.05567681655181886,268,1127,1024,7,0.532564,0.192115,0.974545,0.476058,0.523942,0.320958,0.537074,0.933173,0.695436
test,0.055254327410832034,268,1136,1015,7,0.528854,0.190883,0.974545,0.471874,0.528126,0.319238,0.535144,0.933173,0.695436
test,0.054393971561537115,268,1144,1007,7,0.525556,0.189802,0.974545,0.468154,0.531846,0.317724,0.533439,0.933173,0.695436
test,0.05341655251659706,268,1152,999,7,0.522259,0.188732,0.974545,0.464435,0.535565,0.316224,0.531746,0.933173,0.695436
test,0.05269111438698002,268,1160,991,7,0.518961,0.187675,0.974545,0.460716,0.539284,0.314739,0.530063,0.933173,0.695436
test,0.051328040763101976,268,1168,983,7,0.515664,0.18663,0.974545,0.456997,0.543003,0.313267,0.528391,0.933173,0.695436
test,0.050608163897530214,268,1176,975,7,0.512366,0.185596,0.974545,0.453278,0.546722,0.311809,0.52673,0.933173,0.695436
test,0.04980113326888138,268,1184,967,7,0.509068,0.184573,0.974545,0.449558,0.550442,0.310365,0.525078,0.933173,0.695436
test,0.04911203847705973,268,1192,959,7,0.505771,0.183562,0.974545,0.445839,0.554161,0.308934,0.523438,0.933173,0.695436
test,0.048502845287169485,268,1200,951,7,0.502473,0.182561,0.974545,0.44212,0.55788,0.307516,0.521807,0.933173,0.695436
test,0.04810993659876669,268,1209,942,7,0.498763,0.181449,0.974545,0.437936,0.562064,0.305936,0.519984,0.933173,0.695436
test,0.04758135761341729,268,1217,934,7,0.495466,0.180471,0.974545,0.434217,0.565783,0.304545,0.518375,0.933173,0.695436
test,0.04697280785776844,268,1225,926,7,0.492168,0.179504,0.974545,0.430497,0.569503,0.303167,0.516776,0.933173,0.695436
test,0.045661706396390764,268,1233,918,7,0.488871,0.178548,0.974545,0.426778,0.573222,0.301802,0.515186,0.933173,0.695436
test,0.04467115632792743,269,1240,911,6,0.486397,0.178264,0.978182,0.423524,0.576476,0.30157,0.515523,0.933173,0.695436
test,0.043954450603517096,269,1248,903,6,0.4831,0.177324,0.978182,0.419805,0.580195,0.300223,0.513947,0.933173,0.695436
test,0.043535341421039334,269,1256,895,6,0.479802,0.176393,0.978182,0.416086,0.583914,0.298889,0.512381,0.933173,0.695436
test,0.042670916440768744,269,1264,887,6,0.476505,0.175473,0.978182,0.412366,0.587634,0.297566,0.510824,0.933173,0.695436
test,0.042129989410499745,269,1272,879,6,0.473207,0.174562,0.978182,0.408647,0.591353,0.296256,0.509277,0.933173,0.695436
test,0.9763893378284145,49,8,2143,226,0.903545,0.859649,0.178182,0.996281,0.003719,0.295181,0.211755,0.933173,0.695436
test,0.04146641153117076,269,1281,870,6,0.469497,0.173548,0.978182,0.404463,0.595537,0.294795,0.507547,0.933173,0.695436
test,0.04091975212830965,269,1289,862,6,0.4662,0.172657,0.978182,0.400744,0.599256,0.293508,0.50602,0.933173,0.695436
test,0.040439645719389,269,1297,854,6,0.462902,0.171775,0.978182,0.397025,0.602975,0.292232,0.504501,0.933173,0.695436
test,0.04018525967992792,269,1305,846,6,0.459604,0.170902,0.978182,0.393305,0.606695,0.290968,0.502992,0.933173,0.695436
test,0.03900523309052878,269,1313,838,6,0.456307,0.170038,0.978182,0.389586,0.610414,0.289715,0.501491,0.933173,0.695436
test,0.038528944382919754,269,1321,830,6,0.453009,0.169182,0.978182,0.385867,0.614133,0.288472,0.5,0.933173,0.695436
test,0.03759838788478425,270,1328,823,5,0.450536,0.168961,0.981818,0.382613,0.617387,0.288308,0.500371,0.933173,0.695436
test,0.036608723294364834,270,1336,815,5,0.447238,0.16812,0.981818,0.378894,0.621106,0.287081,0.498891,0.933173,0.695436
test,0.03590841991974118,270,1344,807,5,0.443941,0.167286,0.981818,0.375174,0.624826,0.285866,0.497421,0.933173,0.695436
test,0.03555334061514703,271,1352,799,4,0.441055,0.166975,0.985455,0.371455,0.628545,0.285564,0.497613,0.933173,0.695436
test,0.034493383750928745,271,1360,791,4,0.437758,0.166156,0.985455,0.367736,0.632264,0.284365,0.496155,0.933173,0.695436
test,0.033735877093305895,271,1368,783,4,0.43446,0.165345,0.985455,0.364017,0.635983,0.283177,0.494706,0.933173,0.695436
test,0.03291296043654732,272,1375,776,3,0.431987,0.165149,0.989091,0.360762,0.639238,0.283039,0.495086,0.933173,0.695436
test,0.032026953697768486,272,1383,768,3,0.428689,0.16435,0.989091,0.357043,0.642957,0.281865,0.493648,0.933173,0.695436
test,0.03146800498385167,272,1391,760,3,0.425392,0.16356,0.989091,0.353324,0.646676,0.280702,0.492219,0.933173,0.695436
test,0.030669823867425002,272,1399,752,3,0.422094,0.162777,0.989091,0.349605,0.650395,0.279548,0.490798,0.933173,0.695436
test,0.029953583484883223,272,1407,744,3,0.418796,0.162001,0.989091,0.345886,0.654114,0.278403,0.489385,0.933173,0.695436
test,0.9809412973189451,45,4,2147,230,0.903545,0.918367,0.163636,0.99814,0.00186,0.277778,0.195822,0.933173,0.695436
test,0.029339500798421656,272,1415,736,3,0.415499,0.161233,0.989091,0.342166,0.657834,0.277268,0.48798,0.933173,0.695436
test,0.02898347350934915,273,1423,728,2,0.412613,0.160967,0.992727,0.338447,0.661553,0.277017,0.488197,0.933173,0.695436
test,0.028521659022432734,273,1431,720,2,0.409316,0.160211,0.992727,0.334728,0.665272,0.275897,0.486805,0.933173,0.695436
test,0.027661598379325025,273,1439,712,2,0.406018,0.159463,0.992727,0.331009,0.668991,0.274786,0.48542,0.933173,0.695436
test,0.027116689769367177,273,1447,704,2,0.402721,0.158721,0.992727,0.32729,0.67271,0.273684,0.484043,0.933173,0.695436
test,0.026397425226306035,273,1455,696,2,0.399423,0.157986,0.992727,0.32357,0.67643,0.272591,0.482673,0.933173,0.695436
test,0.025617062791965593,273,1463,688,2,0.396125,0.157258,0.992727,0.319851,0.680149,0.271507,0.481312,0.933173,0.695436
test,0.02497051733389318,273,1471,680,2,0.392828,0.156537,0.992727,0.316132,0.683868,0.270431,0.479958,0.933173,0.695436
test,0.024542386328052217,273,1479,672,2,0.38953,0.155822,0.992727,0.312413,0.687587,0.269364,0.478612,0.933173,0.695436
test,0.023915878886323225,273,1487,664,2,0.386232,0.155114,0.992727,0.308694,0.691306,0.268305,0.477273,0.933173,0.695436
test,0.023423151316116362,273,1496,655,2,0.382523,0.154324,0.992727,0.30451,0.69549,0.267123,0.475776,0.933173,0.695436
test,0.02302849478983043,273,1504,647,2,0.379225,0.15363,0.992727,0.30079,0.69921,0.266082,0.474453,0.933173,0.695436
test,0.022677774053310736,273,1512,639,2,0.375927,0.152941,0.992727,0.297071,0.702929,0.265049,0.473137,0.933173,0.695436
test,0.021949392597702375,273,1520,631,2,0.37263,0.152259,0.992727,0.293352,0.706648,0.264023,0.471829,0.933173,0.695436
test,0.021122645317517126,273,1528,623,2,0.369332,0.151582,0.992727,0.289633,0.710367,0.263006,0.470527,0.933173,0.695436
test,0.020576110305901965,273,1536,615,2,0.366035,0.150912,0.992727,0.285914,0.714086,0.261996,0.469233,0.933173,0.695436
test,0.0201698352762263,273,1544,607,2,0.362737,0.150248,0.992727,0.282194,0.717806,0.260994,0.467947,0.933173,0.695436
test,0.019656507335954875,273,1552,599,2,0.359439,0.149589,0.992727,0.278475,0.721525,0.26,0.466667,0.933173,0.695436
test,0.019293746714620832,273,1560,591,2,0.356142,0.148936,0.992727,0.274756,0.725244,0.259013,0.465394,0.933173,0.695436
test,0.018845766444330617,273,1569,582,2,0.352432,0.148208,0.992727,0.270572,0.729428,0.257912,0.46397,0.933173,0.695436
test,0.018377459154685846,273,1577,574,2,0.349134,0.147568,0.992727,0.266853,0.733147,0.256941,0.462712,0.933173,0.695436
test,0.01794256494474054,273,1585,566,2,0.345837,0.146932,0.992727,0.263133,0.736867,0.255977,0.46146,0.933173,0.695436
test,0.01767409856377971,273,1593,558,2,0.342539,0.146302,0.992727,0.259414,0.740586,0.255021,0.460216,0.933173,0.695436
test,0.017260052034358386,273,1601,550,2,0.339242,0.145678,0.992727,0.255695,0.744305,0.254072,0.458978,0.933173,0.695436
test,0.016921282160782952,273,1609,542,2,0.335944,0.145058,0.992727,0.251976,0.748024,0.253129,0.457746,0.933173,0.695436
test,0.016569414284577758,273,1617,534,2,0.332646,0.144444,0.992727,0.248257,0.751743,0.252194,0.456522,0.933173,0.695436
test,0.015785096211352965,273,1625,526,2,0.329349,0.143836,0.992727,0.244537,0.755463,0.251266,0.455304,0.933173,0.695436
test,0.015181717832359236,273,1633,518,2,0.326051,0.143232,0.992727,0.240818,0.759182,0.250344,0.454092,0.933173,0.695436
test,0.014850010144419102,273,1642,509,2,0.322341,0.142559,0.992727,0.236634,0.763366,0.249315,0.452736,0.933173,0.695436
test,0.01433201135460171,273,1650,501,2,0.319044,0.141966,0.992727,0.232915,0.767085,0.248408,0.451538,0.933173,0.695436
test,0.013857921876884099,273,1658,493,2,0.315746,0.141378,0.992727,0.229196,0.770804,0.247507,0.450346,0.933173,0.695436
test,0.9831424568622862,39,2,2149,236,0.901896,0.95122,0.141818,0.99907,0.00093,0.246835,0.170903,0.933173,0.695436
test,0.013471012023377048,273,1666,485,2,0.312448,0.140794,0.992727,0.225477,0.774523,0.246612,0.449161,0.933173,0.695436
test,0.013068436651196572,273,1674,477,2,0.309151,0.140216,0.992727,0.221757,0.778243,0.245725,0.447982,0.933173,0.695436
test,0.012780970104025851,273,1682,469,2,0.305853,0.139642,0.992727,0.218038,0.781962,0.244843,0.446809,0.933173,0.695436
test,0.012421017861728759,273,1690,461,2,0.302556,0.139073,0.992727,0.214319,0.785681,0.243968,0.445642,0.933173,0.695436
test,0.012089688394950053,273,1698,453,2,0.299258,0.138508,0.992727,0.2106,0.7894,0.243099,0.444481,0.933173,0.695436
test,0.011780020612545166,273,1706,445,2,0.29596,0.137948,0.992727,0.206881,0.793119,0.242236,0.443326,0.933173,0.695436
test,0.011158756547621896,274,1722,429,1,0.289777,0.137275,0.996364,0.199442,0.800558,0.241303,0.442506,0.933173,0.695436
test,0.011353380689228084,273,1715,436,2,0.292251,0.137324,0.992727,0.202696,0.797304,0.241273,0.442034,0.933173,0.695436
test,0.010770083517202574,274,1730,421,1,0.28648,0.136727,0.996364,0.195723,0.804277,0.240456,0.441366,0.933173,0.695436
test,0.010378147480491692,274,1738,413,1,0.283182,0.136183,0.996364,0.192004,0.807996,0.239615,0.440231,0.933173,0.695436
test,0.01001785278110944,274,1746,405,1,0.279885,0.135644,0.996364,0.188285,0.811715,0.23878,0.439103,0.933173,0.695436
test,0.009648840227819228,274,1754,397,1,0.276587,0.135108,0.996364,0.184565,0.815435,0.23795,0.43798,0.933173,0.695436
test,0.00942920573738818,274,1762,389,1,0.273289,0.134578,0.996364,0.180846,0.819154,0.237127,0.436862,0.933173,0.695436
test,0.00916150836239968,274,1770,381,1,0.269992,0.134051,0.996364,0.177127,0.822873,0.236309,0.435751,0.933173,0.695436
test,0.008756534347408347,274,1778,373,1,0.266694,0.133528,0.996364,0.173408,0.826592,0.235496,0.434645,0.933173,0.695436
test,0.008403677915670453,274,1787,364,1,0.262984,0.132945,0.996364,0.169224,0.830776,0.234589,0.433407,0.933173,0.695436
test,0.008215124874221396,274,1795,356,1,0.259687,0.132431,0.996364,0.165504,0.834496,0.233788,0.432313,0.933173,0.695436
test,0.007934545483336804,274,1803,348,1,0.256389,0.131921,0.996364,0.161785,0.838215,0.232993,0.431224,0.933173,0.695436
test,0.007486598884649198,275,1818,333,0,0.250618,0.13139,1.0,0.154812,0.845188,0.232264,0.43063,0.933173,0.695436
test,0.007728525407129094,274,1811,340,1,0.253092,0.131415,0.996364,0.158066,0.841934,0.232203,0.430141,0.933173,0.695436
test,0.007337603475399624,275,1826,325,0,0.247321,0.13089,1.0,0.151093,0.848907,0.231481,0.429553,0.933173,0.695436
test,0.007236382114203717,275,1834,317,0,0.244023,0.130394,1.0,0.147373,0.852627,0.230705,0.428482,0.933173,0.695436
test,0.00709523233282283,275,1842,309,0,0.240725,0.129901,1.0,0.143654,0.856346,0.229933,0.427417,0.933173,0.695436
test,0.006892382504060708,275,1850,301,0,0.237428,0.129412,1.0,0.139935,0.860065,0.229167,0.426357,0.933173,0.695436
test,0.006629564487847681,275,1859,292,0,0.233718,0.128866,1.0,0.135751,0.864249,0.228311,0.42517,0.933173,0.695436
test,0.00636782831480445,275,1867,284,0,0.23042,0.128385,1.0,0.132032,0.867968,0.227555,0.424121,0.933173,0.695436
test,0.006103655949693656,275,1875,276,0,0.227123,0.127907,1.0,0.128312,0.871688,0.226804,0.423077,0.933173,0.695436
test,0.005968000814620311,275,1883,268,0,0.223825,0.127433,1.0,0.124593,0.875407,0.226058,0.422038,0.933173,0.695436
test,0.005835418453497774,275,1891,260,0,0.220528,0.126962,1.0,0.120874,0.879126,0.225317,0.421004,0.933173,0.695436
test,0.005778606742942328,275,1899,252,0,0.21723,0.126495,1.0,0.117155,0.882845,0.224581,0.419976,0.933173,0.695436
test,0.005565618591754976,275,1907,244,0,0.213932,0.126031,1.0,0.113436,0.886564,0.22385,0.418952,0.933173,0.695436
test,0.005341737513632738,275,1915,236,0,0.210635,0.125571,1.0,0.109716,0.890284,0.223124,0.417933,0.933173,0.695436
test,0.004803944702986417,275,1923,228,0,0.207337,0.125114,1.0,0.105997,0.894003,0.222402,0.416919,0.933173,0.695436
test,0.004545510991114438,275,1932,219,0,0.203627,0.124604,1.0,0.101813,0.898187,0.221595,0.415785,0.933173,0.695436
test,0.004295125745199752,275,1940,211,0,0.20033,0.124153,1.0,0.098094,0.901906,0.220884,0.414781,0.933173,0.695436
test,0.003946953660987068,275,1948,203,0,0.197032,0.123707,1.0,0.094375,0.905625,0.220176,0.413783,0.933173,0.695436
test,0.003703488402902895,275,1956,195,0,0.193735,0.123263,1.0,0.090656,0.909344,0.219473,0.412789,0.933173,0.695436
test,0.0034863316674582237,275,1964,187,0,0.190437,0.122823,1.0,0.086936,0.913064,0.218775,0.4118,0.933173,0.695436
test,0.003320436004842566,275,1972,179,0,0.187139,0.122385,1.0,0.083217,0.916783,0.218081,0.410816,0.933173,0.695436
test,0.0030896024251870066,275,1980,171,0,0.183842,0.121951,1.0,0.079498,0.920502,0.217391,0.409836,0.933173,0.695436
test,0.002751474643145593,275,1988,163,0,0.180544,0.12152,1.0,0.075779,0.924221,0.216706,0.408861,0.933173,0.695436
test,0.0025979692712011487,275,1996,155,0,0.177246,0.121092,1.0,0.07206,0.92794,0.216025,0.407891,0.933173,0.695436
test,0.0023531066201455423,275,2005,146,0,0.173537,0.120614,1.0,0.067875,0.932125,0.215264,0.406805,0.933173,0.695436
test,0.0022551108917989683,275,2013,138,0,0.170239,0.120192,1.0,0.064156,0.935844,0.214592,0.405844,0.933173,0.695436
test,0.0021581939762922698,275,2021,130,0,0.166941,0.119774,1.0,0.060437,0.939563,0.213925,0.404888,0.933173,0.695436
test,0.0020647558314300855,275,2029,122,0,0.163644,0.119358,1.0,0.056718,0.943282,0.213261,0.403937,0.933173,0.695436
test,0.001973022844588309,275,2037,114,0,0.160346,0.118945,1.0,0.052999,0.947001,0.212601,0.402989,0.933173,0.695436
test,0.0018824657940149532,275,2045,106,0,0.157049,0.118534,1.0,0.049279,0.950721,0.211946,0.402047,0.933173,0.695436
test,0.0017928446803622206,275,2053,98,0,0.153751,0.118127,1.0,0.04556,0.95444,0.211295,0.401109,0.933173,0.695436
test,0.0015718560706556356,275,2061,90,0,0.150453,0.117723,1.0,0.041841,0.958159,0.210647,0.400175,0.933173,0.695436
test,0.001505432972615585,275,2069,82,0,0.147156,0.117321,1.0,0.038122,0.961878,0.210004,0.399245,0.933173,0.695436
test,0.0014346205598180903,275,2078,73,0,0.143446,0.116872,1.0,0.033938,0.966062,0.209285,0.398204,0.933173,0.695436
test,0.001333809320184854,275,2086,65,0,0.140148,0.116476,1.0,0.030219,0.969781,0.208649,0.397284,0.933173,0.695436
test,0.0010831950740663283,275,2094,57,0,0.136851,0.116083,1.0,0.026499,0.973501,0.208018,0.396368,0.933173,0.695436
test,0.9865927737668083,32,1,2150,243,0.899423,0.969697,0.116364,0.999535,0.000465,0.207792,0.141218,0.933173,0.695436
test,0.0008965121504820356,275,2102,49,0,0.133553,0.115692,1.0,0.02278,0.97722,0.207391,0.395456,0.933173,0.695436
test,0.000802901054660813,275,2110,41,0,0.130256,0.115304,1.0,0.019061,0.980939,0.206767,0.394548,0.933173,0.695436
test,0.0006958468785553328,275,2118,33,0,0.126958,0.114919,1.0,0.015342,0.984658,0.206147,0.393644,0.933173,0.695436
test,0.0006166872848066677,275,2126,25,0,0.12366,0.114536,1.0,0.011623,0.988377,0.205531,0.392745,0.933173,0.695436
test,0.0004946094079097648,275,2134,17,0,0.120363,0.114155,1.0,0.007903,0.992097,0.204918,0.39185,0.933173,0.695436
test,0.00035646754849496675,275,2142,9,0,0.117065,0.113777,1.0,0.004184,0.995816,0.204309,0.390958,0.933173,0.695436
test,7.07319255320958e-05,275,2151,0,0,0.113355,0.113355,1.0,0.0,1.0,0.203628,0.38996,0.933173,0.695436
test,7.07319245320958e-05,275,2151,0,0,0.113355,0.113355,1.0,0.0,1.0,0.203628,0.38996,0.933173,0.695436
test,0.9893964769071788,24,1,2150,251,0.896125,0.96,0.087273,0.999535,0.000465,0.16,0.106667,0.933173,0.695436
test,0.9922178186716475,17,0,2151,258,0.893652,1.0,0.061818,1.0,0.0,0.116438,0.076097,0.933173,0.695436
test,0.9996641750132625,9,0,2151,266,0.890354,1.0,0.032727,1.0,0.0,0.06338,0.040577,0.933173,0.695436
test,0.9999998941737755,1,0,2151,274,0.887057,1.0,0.003636,1.0,0.0,0.007246,0.004541,0.933173,0.695436
test,0.9999998941747755,0,0,2151,275,0.886645,0.0,0.0,1.0,0.0,0.0,0.0,0.933173,0.695436
validation,0.5872452413244046,214,173,2117,68,0.906299,0.552972,0.758865,0.924454,0.075546,0.639761,0.706271,0.931331,0.621353
validation,0.6034435680681036,210,169,2121,72,0.906299,0.55409,0.744681,0.926201,0.073799,0.635401,0.696749,0.931331,0.621353
validation,0.5715924060362374,215,181,2109,67,0.903577,0.542929,0.762411,0.920961,0.079039,0.634218,0.705381,0.931331,0.621353
validation,0.5505701820785546,219,194,2096,63,0.900078,0.530266,0.776596,0.915284,0.084716,0.630216,0.710578,0.931331,0.621353
validation,0.6142233624843033,205,165,2125,77,0.90591,0.554054,0.72695,0.927948,0.072052,0.628834,0.684246,0.931331,0.621353
validation,0.5626178455847124,216,189,2101,66,0.900855,0.533333,0.765957,0.917467,0.082533,0.628821,0.704501,0.931331,0.621353
validation,0.5311301844955223,221,201,2089,61,0.898134,0.523697,0.783688,0.912227,0.087773,0.627841,0.712903,0.931331,0.621353
validation,0.6338211795471231,202,160,2130,80,0.906687,0.558011,0.716312,0.930131,0.069869,0.627329,0.677852,0.931331,0.621353
validation,0.6469283527932808,199,154,2136,83,0.907854,0.563739,0.705674,0.932751,0.067249,0.626772,0.671843,0.931331,0.621353
validation,0.5210256799377867,223,207,2083,59,0.896579,0.518605,0.79078,0.909607,0.090393,0.626404,0.715661,0.931331,0.621353
validation,0.7112537316301534,188,131,2159,94,0.912519,0.589342,0.666667,0.942795,0.057205,0.625624,0.64962,0.931331,0.621353
validation,0.46920697728823985,235,238,2052,47,0.889191,0.496829,0.833333,0.89607,0.10393,0.622517,0.733916,0.931331,0.621353
validation,0.7210591393256829,184,126,2164,98,0.912908,0.593548,0.652482,0.944978,0.055022,0.621622,0.639777,0.931331,0.621353
validation,0.5119232985290697,224,215,2075,58,0.893857,0.510251,0.794326,0.906114,0.093886,0.621359,0.714742,0.931331,0.621353
validation,0.47639730103161365,232,233,2057,50,0.889969,0.498925,0.822695,0.898253,0.101747,0.621151,0.728186,0.931331,0.621353
validation,0.6965349840336043,189,138,2152,93,0.910187,0.577982,0.670213,0.939738,0.060262,0.62069,0.649485,0.931331,0.621353
validation,0.48714425815881673,229,227,2063,53,0.891135,0.502193,0.812057,0.900873,0.099127,0.620596,0.722854,0.931331,0.621353
validation,0.6642020063901487,194,150,2140,88,0.907465,0.563953,0.687943,0.934498,0.065502,0.619808,0.658967,0.931331,0.621353
validation,0.5,227,224,2066,55,0.891524,0.503326,0.804965,0.902183,0.097817,0.619372,0.718809,0.931331,0.621353
validation,0.6822596461845108,191,145,2145,91,0.908243,0.568452,0.677305,0.936681,0.063319,0.618123,0.652322,0.931331,0.621353
validation,0.46095993345492764,236,246,2044,46,0.88647,0.489627,0.836879,0.892576,0.107424,0.617801,0.732919,0.931331,0.621353
validation,0.43544050972979176,241,258,2032,41,0.883748,0.482966,0.85461,0.887336,0.112664,0.617157,0.740627,0.931331,0.621353
validation,0.4479754720422057,237,254,2036,45,0.883748,0.482688,0.840426,0.889083,0.110917,0.613195,0.731933,0.931331,0.621353
validation,0.42002245255689113,242,266,2024,40,0.881026,0.476378,0.858156,0.883843,0.116157,0.612658,0.739609,0.931331,0.621353
validation,0.7275187368692569,178,123,2167,104,0.911742,0.591362,0.631206,0.946288,0.053712,0.610635,0.622813,0.931331,0.621353
validation,0.410223041962278,243,273,2017,39,0.878694,0.47093,0.861702,0.880786,0.119214,0.609023,0.739051,0.931331,0.621353
validation,0.7525271892083598,172,112,2178,110,0.913686,0.605634,0.609929,0.951092,0.048908,0.607774,0.609065,0.931331,0.621353
validation,0.7393081561969148,174,119,2171,108,0.911742,0.593857,0.617021,0.948035,0.051965,0.605217,0.612245,0.931331,0.621353
validation,0.4054951091699798,243,282,2008,39,0.875194,0.462857,0.861702,0.876856,0.123144,0.60223,0.735027,0.931331,0.621353
validation,0.7650679466080116,168,108,2182,114,0.913686,0.608696,0.595745,0.952838,0.047162,0.602151,0.598291,0.931331,0.621353
validation,0.7805637804175023,164,103,2187,118,0.914075,0.614232,0.58156,0.955022,0.044978,0.59745,0.587814,0.931331,0.621353
validation,0.7939838795705233,161,97,2193,121,0.915241,0.624031,0.570922,0.957642,0.042358,0.596296,0.580808,0.931331,0.621353
validation,0.3987119885876438,243,291,1999,39,0.871695,0.455056,0.861702,0.872926,0.127074,0.595588,0.731047,0.931331,0.621353
validation,0.8152791926912993,155,86,2204,127,0.917185,0.643154,0.549645,0.962445,0.037555,0.592734,0.566107,0.931331,0.621353
validation,0.8029672962600933,157,93,2197,125,0.915241,0.628,0.556738,0.959389,0.040611,0.590226,0.569666,0.931331,0.621353
validation,0.38632175486586107,243,299,1991,39,0.868585,0.448339,0.861702,0.869432,0.130568,0.589806,0.727545,0.931331,0.621353
validation,0.37771841186527405,244,307,1983,38,0.865863,0.442831,0.865248,0.865939,0.134061,0.585834,0.726623,0.931331,0.621353
validation,0.3726476711208498,244,315,1975,38,0.862753,0.436494,0.865248,0.862445,0.137555,0.580262,0.723177,0.931331,0.621353
validation,0.8211835315133789,149,84,2206,133,0.91563,0.639485,0.528369,0.963319,0.036681,0.578641,0.547392,0.931331,0.621353
validation,0.36660314981818515,244,324,1966,38,0.859253,0.429577,0.865248,0.858515,0.141485,0.574118,0.71934,0.931331,0.621353
validation,0.833434115453893,145,79,2211,137,0.916019,0.647321,0.514184,0.965502,0.034498,0.573123,0.536243,0.931331,0.621353
validation,0.3591514598802931,246,331,1959,36,0.857309,0.426343,0.87234,0.855459,0.144541,0.572759,0.721408,0.931331,0.621353
validation,0.3498213324471371,248,337,1953,34,0.855754,0.423932,0.879433,0.852838,0.147162,0.572088,0.723876,0.931331,0.621353
validation,0.3403394782781113,250,344,1946,32,0.85381,0.420875,0.886525,0.849782,0.150218,0.570776,0.7259,0.931331,0.621353
validation,0.8411056065932926,141,74,2216,141,0.916407,0.655814,0.5,0.967686,0.032314,0.567404,0.524944,0.931331,0.621353
validation,0.33126076724247805,250,352,1938,32,0.8507,0.415282,0.886525,0.846288,0.153712,0.565611,0.722543,0.931331,0.621353
validation,0.849899290125348,138,69,2221,144,0.917185,0.666667,0.489362,0.969869,0.030131,0.564417,0.516854,0.931331,0.621353
validation,0.31524917805176994,251,360,1930,31,0.847978,0.410802,0.890071,0.842795,0.157205,0.56215,0.721679,0.931331,0.621353
validation,0.3037973719277757,251,369,1921,31,0.844479,0.404839,0.890071,0.838865,0.161135,0.556541,0.717963,0.931331,0.621353
validation,0.2984406755417041,251,377,1913,31,0.841369,0.399682,0.890071,0.835371,0.164629,0.551648,0.714692,0.931331,0.621353
validation,0.2921464071636646,253,384,1906,29,0.839425,0.397174,0.897163,0.832314,0.167686,0.550598,0.716714,0.931331,0.621353
validation,0.2828180172701194,255,390,1900,27,0.837869,0.395349,0.904255,0.829694,0.170306,0.550162,0.71912,0.931331,0.621353
validation,0.2779345776376538,256,398,1892,26,0.835148,0.391437,0.907801,0.826201,0.173799,0.547009,0.718294,0.931331,0.621353
validation,0.27190664553956,257,406,1884,25,0.832426,0.387632,0.911348,0.822707,0.177293,0.543915,0.717476,0.931331,0.621353
validation,0.2675002315858989,259,412,1878,23,0.830871,0.385991,0.91844,0.820087,0.179913,0.543547,0.719844,0.931331,0.621353
validation,0.8578713037229119,130,68,2222,152,0.914463,0.656566,0.460993,0.970306,0.029694,0.541667,0.490196,0.931331,0.621353
validation,0.2635456470674654,260,420,1870,22,0.828149,0.382353,0.921986,0.816594,0.183406,0.540541,0.719027,0.931331,0.621353
validation,0.25850084375244275,260,428,1862,22,0.825039,0.377907,0.921986,0.8131,0.1869,0.536082,0.715859,0.931331,0.621353
validation,0.8674168696242975,126,64,2226,156,0.914463,0.663158,0.446809,0.972052,0.027948,0.533898,0.477997,0.931331,0.621353
validation,0.25409016819048097,260,437,1853,22,0.82154,0.373027,0.921986,0.80917,0.19083,0.531154,0.712329,0.931331,0.621353
validation,0.2446313533510502,260,446,1844,22,0.81804,0.368272,0.921986,0.80524,0.19476,0.526316,0.708833,0.931331,0.621353
validation,0.24129198441190575,262,452,1838,20,0.816485,0.366947,0.929078,0.80262,0.19738,0.526104,0.711183,0.931331,0.621353
validation,0.8724281286773872,121,60,2230,161,0.914075,0.668508,0.429078,0.973799,0.026201,0.522678,0.462185,0.931331,0.621353
validation,0.23565548440136902,262,461,1829,20,0.812986,0.362379,0.929078,0.79869,0.20131,0.521393,0.707726,0.931331,0.621353
validation,0.23100755957902752,262,469,1821,20,0.809876,0.358413,0.929078,0.795197,0.204803,0.517275,0.70468,0.931331,0.621353
validation,0.22214965799447403,262,478,1812,20,0.806376,0.354054,0.929078,0.791266,0.208734,0.51272,0.701285,0.931331,0.621353
validation,0.21554230825493395,262,487,1803,20,0.802877,0.3498,0.929078,0.787336,0.212664,0.508244,0.697922,0.931331,0.621353
validation,0.21133700596980134,263,494,1796,19,0.800544,0.347424,0.932624,0.784279,0.215721,0.506256,0.697613,0.931331,0.621353
validation,0.8889489783364202,112,52,2238,170,0.913686,0.682927,0.397163,0.977293,0.022707,0.502242,0.433437,0.931331,0.621353
validation,0.87985085588944,114,58,2232,168,0.912131,0.662791,0.404255,0.974672,0.025328,0.502203,0.438462,0.931331,0.621353
validation,0.20791158996150788,263,503,1787,19,0.797045,0.343342,0.932624,0.780349,0.219651,0.501908,0.694298,0.931331,0.621353
validation,0.20443925228817705,263,511,1779,19,0.793935,0.339793,0.932624,0.776856,0.223144,0.498106,0.691377,0.931331,0.621353
validation,0.896294900091878,108,47,2243,174,0.914075,0.696774,0.382979,0.979476,0.020524,0.494279,0.420889,0.931331,0.621353
validation,0.19982431831668535,263,520,1770,19,0.790435,0.335888,0.932624,0.772926,0.227074,0.493897,0.688121,0.931331,0.621353
validation,0.19135089361621294,264,528,1762,18,0.787714,0.333333,0.93617,0.769432,0.230568,0.49162,0.6875,0.931331,0.621353
validation,0.1880143190849382,265,535,1755,17,0.785381,0.33125,0.939716,0.766376,0.233624,0.489834,0.687241,0.931331,0.621353
validation,0.1852362398913224,265,544,1746,17,0.781882,0.327565,0.939716,0.762445,0.237555,0.485793,0.684047,0.931331,0.621353
validation,0.9106505404483951,104,43,2247,178,0.914075,0.707483,0.368794,0.981223,0.018777,0.484848,0.407843,0.931331,0.621353
validation,0.18062370830729765,266,551,1739,16,0.779549,0.325581,0.943262,0.759389,0.240611,0.484076,0.683805,0.931331,0.621353
validation,0.17825578625277147,266,560,1730,16,0.77605,0.322034,0.943262,0.755459,0.244541,0.480144,0.680655,0.931331,0.621353
validation,0.17297643768064627,266,569,1721,16,0.772551,0.318563,0.943262,0.751528,0.248472,0.476276,0.677534,0.931331,0.621353
validation,0.9194599285701994,100,38,2252,182,0.914463,0.724638,0.35461,0.983406,0.016594,0.47619,0.394945,0.931331,0.621353
validation,0.1681723333543213,266,577,1713,16,0.76944,0.31554,0.943262,0.748035,0.251965,0.472889,0.674784,0.931331,0.621353
validation,0.1629134989080989,266,586,1704,16,0.765941,0.312207,0.943262,0.744105,0.255895,0.469136,0.671717,0.931331,0.621353
validation,0.1588138813297478,266,594,1696,16,0.76283,0.309302,0.943262,0.740611,0.259389,0.465849,0.669014,0.931331,0.621353
validation,0.15705090602715388,268,601,1689,14,0.760886,0.3084,0.950355,0.737555,0.262445,0.465682,0.671007,0.931331,0.621353
validation,0.15476708264026412,268,610,1680,14,0.757387,0.305239,0.950355,0.733624,0.266376,0.462069,0.667996,0.931331,0.621353
validation,0.152603684270054,268,618,1672,14,0.754277,0.302483,0.950355,0.730131,0.269869,0.458904,0.665343,0.931331,0.621353
validation,0.14997438329200735,268,627,1663,14,0.750778,0.299441,0.950355,0.726201,0.273799,0.455395,0.662383,0.931331,0.621353
validation,0.14660509185573953,269,634,1656,13,0.748445,0.297896,0.953901,0.723144,0.276856,0.454008,0.662235,0.931331,0.621353
validation,0.14284075782503727,269,643,1647,13,0.744946,0.294956,0.953901,0.719214,0.280786,0.450586,0.659314,0.931331,0.621353
validation,0.926422502227455,92,37,2253,190,0.911742,0.713178,0.326241,0.983843,0.016157,0.447689,0.365951,0.931331,0.621353
validation,0.1390724160467486,269,652,1638,13,0.741446,0.292074,0.953901,0.715284,0.284716,0.447215,0.656418,0.931331,0.621353
validation,0.13462385597272508,269,660,1630,13,0.738336,0.289559,0.953901,0.71179,0.28821,0.444261,0.653865,0.931331,0.621353
validation,0.1314234501633804,270,668,1622,12,0.735614,0.287846,0.957447,0.708297,0.291703,0.442623,0.653437,0.931331,0.621353
validation,0.1281833078989567,270,676,1614,12,0.732504,0.285412,0.957447,0.704803,0.295197,0.439739,0.650916,0.931331,0.621353
validation,0.12475564335690832,270,685,1605,12,0.729005,0.282723,0.957447,0.700873,0.299127,0.43654,0.648104,0.931331,0.621353
validation,0.12252704116319639,270,694,1596,12,0.725505,0.280083,0.957447,0.696943,0.303057,0.433387,0.645315,0.931331,0.621353
validation,0.1203441556481604,270,702,1588,12,0.722395,0.277778,0.957447,0.69345,0.30655,0.430622,0.642857,0.931331,0.621353
validation,0.11805724349468194,270,711,1579,12,0.718896,0.275229,0.957447,0.68952,0.31048,0.427553,0.640114,0.931331,0.621353
validation,0.9319819664252501,86,35,2255,196,0.910187,0.710744,0.304965,0.984716,0.015284,0.426799,0.344275,0.931331,0.621353
validation,0.11490524682731199,270,719,1571,12,0.715785,0.273003,0.957447,0.686026,0.313974,0.424862,0.637695,0.931331,0.621353
validation,0.11121131569306006,271,727,1563,11,0.713064,0.271543,0.960993,0.682533,0.317467,0.423437,0.637347,0.931331,0.621353
validation,0.10946992770108253,271,736,1554,11,0.709565,0.269116,0.960993,0.678603,0.321397,0.420481,0.63466,0.931331,0.621353
validation,0.1074550653563519,272,743,1547,10,0.707232,0.26798,0.964539,0.675546,0.324454,0.419429,0.634624,0.931331,0.621353
validation,0.10475325766869524,273,751,1539,9,0.70451,0.266602,0.968085,0.672052,0.327948,0.41807,0.634294,0.931331,0.621353
validation,0.10225737327227705,273,759,1531,9,0.7014,0.264535,0.968085,0.668559,0.331441,0.415525,0.631944,0.931331,0.621353
validation,0.09988886978659416,273,768,1522,9,0.6979,0.262248,0.968085,0.664629,0.335371,0.412698,0.629322,0.931331,0.621353
validation,0.09802066972797956,273,777,1513,9,0.694401,0.26,0.968085,0.660699,0.339301,0.40991,0.626722,0.931331,0.621353
validation,0.09502677014627754,273,785,1505,9,0.691291,0.258034,0.968085,0.657205,0.342795,0.407463,0.624428,0.931331,0.621353
validation,0.092308586502254,274,793,1497,8,0.688569,0.256795,0.971631,0.653712,0.346288,0.406227,0.624146,0.931331,0.621353
validation,0.09054744391654762,275,800,1490,7,0.686236,0.255814,0.975177,0.650655,0.349345,0.405306,0.624149,0.931331,0.621353
validation,0.08891371843144596,276,808,1482,6,0.683515,0.254613,0.978723,0.647162,0.352838,0.4041,0.62387,0.931331,0.621353
validation,0.087097899006727,276,817,1473,6,0.680016,0.252516,0.978723,0.643231,0.356769,0.401455,0.621342,0.931331,0.621353
validation,0.08588879211528877,276,825,1465,6,0.676905,0.250681,0.978723,0.639738,0.360262,0.399132,0.619112,0.931331,0.621353
validation,0.08433579516109813,276,834,1456,6,0.673406,0.248649,0.978723,0.635808,0.364192,0.396552,0.616622,0.931331,0.621353
validation,0.08287849965401202,276,842,1448,6,0.670295,0.246869,0.978723,0.632314,0.367686,0.394286,0.614426,0.931331,0.621353
validation,0.08171535444672483,276,851,1439,6,0.666796,0.244898,0.978723,0.628384,0.371616,0.391767,0.611973,0.931331,0.621353
validation,0.9384461591574399,77,35,2255,205,0.906687,0.6875,0.27305,0.984716,0.015284,0.390863,0.310484,0.931331,0.621353
validation,0.08073605974361202,276,860,1430,6,0.663297,0.242958,0.978723,0.624454,0.375546,0.389281,0.609541,0.931331,0.621353
validation,0.0798116415874809,276,868,1422,6,0.660187,0.241259,0.978723,0.620961,0.379039,0.387097,0.607394,0.931331,0.621353
validation,0.07899205983739656,276,877,1413,6,0.656687,0.239376,0.978723,0.617031,0.382969,0.384669,0.604998,0.931331,0.621353
validation,0.07769371157393215,276,885,1405,6,0.653577,0.237726,0.978723,0.613537,0.386463,0.382536,0.602883,0.931331,0.621353
validation,0.07698394660149815,276,894,1396,6,0.650078,0.235897,0.978723,0.609607,0.390393,0.380165,0.600522,0.931331,0.621353
validation,0.07631293886286213,276,903,1387,6,0.646579,0.234097,0.978723,0.605677,0.394323,0.377823,0.598179,0.931331,0.621353
validation,0.0757010896178965,276,911,1379,6,0.643468,0.232519,0.978723,0.602183,0.397817,0.375766,0.596112,0.931331,0.621353
validation,0.07503593634354509,276,920,1370,6,0.639969,0.230769,0.978723,0.598253,0.401747,0.373478,0.593804,0.931331,0.621353
validation,0.9442805220651099,72,32,2258,210,0.90591,0.692308,0.255319,0.986026,0.013974,0.373057,0.292208,0.931331,0.621353
validation,0.07459339268576955,276,928,1362,6,0.636858,0.229236,0.978723,0.59476,0.40524,0.371467,0.591767,0.931331,0.621353
validation,0.07329909519204043,276,937,1353,6,0.633359,0.227535,0.978723,0.59083,0.40917,0.369231,0.589492,0.931331,0.621353
validation,0.07211103899125432,276,946,1344,6,0.62986,0.225859,0.978723,0.5869,0.4131,0.367021,0.587234,0.931331,0.621353
validation,0.07163628087390707,277,953,1337,5,0.627527,0.225203,0.98227,0.583843,0.416157,0.366402,0.587362,0.931331,0.621353
validation,0.07110660768246961,277,962,1328,5,0.624028,0.223567,0.98227,0.579913,0.420087,0.364234,0.585129,0.931331,0.621353
validation,0.07014793600693452,277,970,1320,5,0.620918,0.222133,0.98227,0.576419,0.423581,0.362328,0.583158,0.931331,0.621353
validation,0.9488925126919275,68,27,2263,214,0.906299,0.715789,0.241135,0.98821,0.01179,0.360743,0.278005,0.931331,0.621353
validation,0.06947292718498779,277,979,1311,5,0.617418,0.220541,0.98227,0.572489,0.427511,0.360208,0.580956,0.931331,0.621353
validation,0.06889183236518542,277,988,1302,5,0.613919,0.218972,0.98227,0.568559,0.431441,0.358112,0.578771,0.931331,0.621353
validation,0.06839822023919308,277,996,1294,5,0.610809,0.217596,0.98227,0.565066,0.434934,0.35627,0.576843,0.931331,0.621353
validation,0.06779297095889573,277,1005,1285,5,0.607309,0.216069,0.98227,0.561135,0.438865,0.35422,0.574689,0.931331,0.621353
validation,0.06722311760576637,277,1013,1277,5,0.604199,0.214729,0.98227,0.557642,0.442358,0.352417,0.572787,0.931331,0.621353
validation,0.06653998824323216,277,1022,1268,5,0.6007,0.213241,0.98227,0.553712,0.446288,0.350411,0.570663,0.931331,0.621353
validation,0.0655027977685628,277,1030,1260,5,0.597589,0.211936,0.98227,0.550218,0.449782,0.348647,0.568789,0.931331,0.621353
validation,0.06519531084730641,277,1039,1251,5,0.59409,0.210486,0.98227,0.546288,0.453712,0.346683,0.566694,0.931331,0.621353
validation,0.0648018700490682,277,1048,1242,5,0.590591,0.209057,0.98227,0.542358,0.457642,0.344742,0.564615,0.931331,0.621353
validation,0.06445138361433479,277,1056,1234,5,0.587481,0.207802,0.98227,0.538865,0.461135,0.343034,0.562779,0.931331,0.621353
validation,0.06361103914778442,277,1065,1225,5,0.583981,0.206408,0.98227,0.534934,0.465066,0.341133,0.560729,0.931331,0.621353
validation,0.0627404018842784,277,1073,1217,5,0.580871,0.205185,0.98227,0.531441,0.468559,0.339461,0.558918,0.931331,0.621353
validation,0.06233311875361407,278,1081,1209,4,0.578149,0.204562,0.985816,0.527948,0.472052,0.338818,0.558906,0.931331,0.621353
validation,0.06186752704818158,278,1090,1200,4,0.57465,0.203216,0.985816,0.524017,0.475983,0.33697,0.556891,0.931331,0.621353
validation,0.9541870705200906,62,24,2266,220,0.905132,0.72093,0.219858,0.98952,0.01048,0.336957,0.255354,0.931331,0.621353
validation,0.061641766718199646,278,1098,1192,4,0.57154,0.202035,0.985816,0.520524,0.479476,0.335344,0.555112,0.931331,0.621353
validation,0.061465105091669164,278,1107,1183,4,0.56804,0.200722,0.985816,0.516594,0.483406,0.333533,0.553124,0.931331,0.621353
validation,0.061113616394518434,278,1115,1175,4,0.56493,0.199569,0.985816,0.5131,0.4869,0.33194,0.551369,0.931331,0.621353
validation,0.06073298121697697,278,1124,1166,4,0.561431,0.198288,0.985816,0.50917,0.49083,0.330166,0.549407,0.931331,0.621353
validation,0.060372249800004996,278,1133,1157,4,0.557932,0.197023,0.985816,0.50524,0.49476,0.328411,0.54746,0.931331,0.621353
validation,0.0599993565025176,278,1141,1149,4,0.554821,0.195913,0.985816,0.501747,0.498253,0.326867,0.54574,0.931331,0.621353
validation,0.05965845840571829,278,1150,1140,4,0.551322,0.194678,0.985816,0.497817,0.502183,0.325146,0.543818,0.931331,0.621353
validation,0.05913493532663896,278,1158,1132,4,0.548212,0.193593,0.985816,0.494323,0.505677,0.323632,0.542122,0.931331,0.621353
validation,0.058443140176788755,278,1167,1123,4,0.544712,0.192388,0.985816,0.490393,0.509607,0.321946,0.540225,0.931331,0.621353
validation,0.05757612503540448,279,1175,1115,3,0.541991,0.191884,0.989362,0.4869,0.5131,0.321429,0.540279,0.931331,0.621353
validation,0.05702884039385526,279,1183,1107,3,0.53888,0.190834,0.989362,0.483406,0.516594,0.319954,0.53861,0.931331,0.621353
validation,0.0565223708127005,279,1192,1098,3,0.535381,0.189667,0.989362,0.479476,0.520524,0.318311,0.536745,0.931331,0.621353
validation,0.05573376864674868,279,1200,1090,3,0.532271,0.188641,0.989362,0.475983,0.524017,0.316865,0.535098,0.931331,0.621353
validation,0.05506531246098,279,1209,1081,3,0.528771,0.1875,0.989362,0.472052,0.527948,0.315254,0.533257,0.931331,0.621353
validation,0.05425075866200826,279,1218,1072,3,0.525272,0.186373,0.989362,0.468122,0.531878,0.313659,0.531429,0.931331,0.621353
validation,0.053144268582581214,279,1226,1064,3,0.522162,0.185382,0.989362,0.464629,0.535371,0.312255,0.529814,0.931331,0.621353
validation,0.9596820042509188,56,22,2268,226,0.903577,0.717949,0.198582,0.990393,0.009607,0.311111,0.232172,0.931331,0.621353
validation,0.052299767726723456,279,1235,1055,3,0.518663,0.18428,0.989362,0.460699,0.539301,0.31069,0.528009,0.931331,0.621353
validation,0.051370456001340686,280,1242,1048,2,0.51633,0.183968,0.992908,0.457642,0.542358,0.310421,0.528302,0.931331,0.621353
validation,0.05089755565471687,280,1251,1039,2,0.51283,0.182887,0.992908,0.453712,0.546288,0.30888,0.526514,0.931331,0.621353
validation,0.05003857858266227,280,1260,1030,2,0.509331,0.181818,0.992908,0.449782,0.550218,0.307355,0.524738,0.931331,0.621353
validation,0.04906071004135482,280,1268,1022,2,0.506221,0.180879,0.992908,0.446288,0.553712,0.306011,0.523169,0.931331,0.621353
validation,0.048648643642898254,280,1277,1013,2,0.502722,0.179833,0.992908,0.442358,0.557642,0.304513,0.521415,0.931331,0.621353
validation,0.04768035496913633,280,1285,1005,2,0.499611,0.178914,0.992908,0.438865,0.561135,0.303194,0.519866,0.931331,0.621353
validation,0.04719907158574871,280,1294,996,2,0.496112,0.177891,0.992908,0.434934,0.565066,0.301724,0.518135,0.931331,0.621353
validation,0.04618360082974182,280,1303,987,2,0.492613,0.176879,0.992908,0.431004,0.568996,0.300268,0.516415,0.931331,0.621353
validation,0.045173957334093615,280,1311,979,2,0.489502,0.17599,0.992908,0.427511,0.572489,0.298986,0.514895,0.931331,0.621353
validation,0.04474084349703384,280,1320,970,2,0.486003,0.175,0.992908,0.423581,0.576419,0.297556,0.513196,0.931331,0.621353
validation,0.04374235655256214,280,1328,962,2,0.482893,0.174129,0.992908,0.420087,0.579913,0.296296,0.511696,0.931331,0.621353
validation,0.04291853756032412,280,1337,953,2,0.479393,0.17316,0.992908,0.416157,0.583843,0.294892,0.510018,0.931331,0.621353
validation,0.04214898294047845,280,1346,944,2,0.475894,0.172202,0.992908,0.412227,0.587773,0.293501,0.508351,0.931331,0.621353
validation,0.04111635543790911,280,1354,936,2,0.472784,0.171359,0.992908,0.408734,0.591266,0.292276,0.506879,0.931331,0.621353
validation,0.04000755809948689,280,1363,927,2,0.469285,0.17042,0.992908,0.404803,0.595197,0.290909,0.505233,0.931331,0.621353
validation,0.03948601421550579,280,1371,919,2,0.466174,0.169594,0.992908,0.40131,0.59869,0.289705,0.503778,0.931331,0.621353
validation,0.038947893826515236,280,1380,910,2,0.462675,0.168675,0.992908,0.39738,0.60262,0.288363,0.502152,0.931331,0.621353
validation,0.0383228164954189,280,1389,901,2,0.459176,0.167765,0.992908,0.39345,0.60655,0.287032,0.500536,0.931331,0.621353
validation,0.037868070779154855,280,1397,893,2,0.456065,0.166965,0.992908,0.389956,0.610044,0.28586,0.499109,0.931331,0.621353
validation,0.965130152544352,50,19,2271,232,0.902411,0.724638,0.177305,0.991703,0.008297,0.2849,0.208855,0.931331,0.621353
validation,0.03751503098839256,280,1406,884,2,0.452566,0.166074,0.992908,0.386026,0.613974,0.284553,0.497512,0.931331,0.621353
validation,0.03715082957218111,280,1414,876,2,0.449456,0.165289,0.992908,0.382533,0.617467,0.283401,0.496102,0.931331,0.621353
validation,0.03653677444050284,280,1423,867,2,0.445956,0.164416,0.992908,0.378603,0.621397,0.282116,0.494525,0.931331,0.621353
validation,0.03577342796819658,280,1432,858,2,0.442457,0.163551,0.992908,0.374672,0.625328,0.280843,0.492958,0.931331,0.621353
validation,0.03508068623731804,280,1440,850,2,0.439347,0.162791,0.992908,0.371179,0.628821,0.27972,0.491573,0.931331,0.621353
validation,0.033960770472507965,280,1449,841,2,0.435848,0.161943,0.992908,0.367249,0.632751,0.278468,0.490025,0.931331,0.621353
validation,0.033394310238730136,280,1457,833,2,0.432737,0.161197,0.992908,0.363755,0.636245,0.277365,0.488656,0.931331,0.621353
validation,0.03285273790759544,280,1466,824,2,0.429238,0.160367,0.992908,0.359825,0.640175,0.276134,0.487126,0.931331,0.621353
validation,0.032230566701490326,280,1475,815,2,0.425739,0.159544,0.992908,0.355895,0.644105,0.274914,0.485605,0.931331,0.621353
validation,0.03143684446595139,280,1483,807,2,0.422628,0.15882,0.992908,0.352402,0.647598,0.273839,0.484262,0.931331,0.621353
validation,0.030831579303176343,280,1492,798,2,0.419129,0.158014,0.992908,0.348472,0.651528,0.272639,0.482759,0.931331,0.621353
validation,0.030507056712372586,280,1500,790,2,0.416019,0.157303,0.992908,0.344978,0.655022,0.271581,0.481431,0.931331,0.621353
validation,0.029857515074233947,280,1509,781,2,0.412519,0.156512,0.992908,0.341048,0.658952,0.270401,0.479945,0.931331,0.621353
validation,0.029071303322742503,280,1518,772,2,0.40902,0.155729,0.992908,0.337118,0.662882,0.269231,0.478469,0.931331,0.621353
validation,0.028385357339670885,280,1526,764,2,0.40591,0.155039,0.992908,0.333624,0.666376,0.268199,0.477164,0.931331,0.621353
validation,0.027752143353513958,280,1535,755,2,0.402411,0.15427,0.992908,0.329694,0.670306,0.267048,0.475705,0.931331,0.621353
validation,0.02718020933035644,280,1543,747,2,0.3993,0.153593,0.992908,0.326201,0.673799,0.266033,0.474415,0.931331,0.621353
validation,0.026579116408989325,280,1552,738,2,0.395801,0.152838,0.992908,0.322271,0.677729,0.264901,0.472973,0.931331,0.621353
validation,0.02598968708454934,280,1561,729,2,0.392302,0.152091,0.992908,0.318341,0.681659,0.263778,0.471539,0.931331,0.621353
validation,0.025250555321299387,280,1569,721,2,0.389191,0.151433,0.992908,0.314847,0.685153,0.262787,0.470272,0.931331,0.621353
validation,0.9707015244346019,45,16,2274,237,0.901633,0.737705,0.159574,0.993013,0.006987,0.262391,0.189235,0.931331,0.621353
validation,0.02470971645058945,280,1578,712,2,0.385692,0.1507,0.992908,0.310917,0.689083,0.261682,0.468855,0.931331,0.621353
validation,0.023859515611588177,280,1586,704,2,0.382582,0.150054,0.992908,0.307424,0.692576,0.260708,0.467602,0.931331,0.621353
validation,0.023149230751447578,280,1595,695,2,0.379082,0.149333,0.992908,0.303493,0.696507,0.25962,0.4662,0.931331,0.621353
validation,0.02268600562310568,280,1604,686,2,0.375583,0.14862,0.992908,0.299563,0.700437,0.258541,0.464807,0.931331,0.621353
validation,0.022084208259843453,280,1612,678,2,0.372473,0.147992,0.992908,0.29607,0.70393,0.25759,0.463576,0.931331,0.621353
validation,0.02144823950826564,280,1621,669,2,0.368974,0.147291,0.992908,0.29214,0.70786,0.256528,0.462199,0.931331,0.621353
validation,0.02088268258613728,280,1629,661,2,0.365863,0.146674,0.992908,0.288646,0.711354,0.255591,0.460981,0.931331,0.621353
validation,0.020262269786273466,280,1638,652,2,0.362364,0.145985,0.992908,0.284716,0.715284,0.254545,0.459619,0.931331,0.621353
validation,0.019785092223471357,280,1647,643,2,0.358865,0.145304,0.992908,0.280786,0.719214,0.253508,0.458265,0.931331,0.621353
validation,0.019290321652346804,280,1655,635,2,0.355754,0.144703,0.992908,0.277293,0.722707,0.252594,0.457068,0.931331,0.621353
validation,0.01875753999606067,280,1664,626,2,0.352255,0.144033,0.992908,0.273362,0.726638,0.251572,0.455729,0.931331,0.621353
validation,0.018396327214635917,280,1672,618,2,0.349145,0.143443,0.992908,0.269869,0.730131,0.250671,0.454545,0.931331,0.621353
validation,0.018144210594849636,280,1681,609,2,0.345645,0.142784,0.992908,0.265939,0.734061,0.249666,0.453221,0.931331,0.621353
validation,0.017719472279219602,280,1690,600,2,0.342146,0.142132,0.992908,0.262009,0.737991,0.248668,0.451904,0.931331,0.621353
validation,0.017258027341142578,280,1698,592,2,0.339036,0.141557,0.992908,0.258515,0.741485,0.247788,0.450741,0.931331,0.621353
validation,0.01700336424754404,280,1707,583,2,0.335537,0.140916,0.992908,0.254585,0.745415,0.246805,0.449438,0.931331,0.621353
validation,0.016219177188533183,280,1715,575,2,0.332426,0.140351,0.992908,0.251092,0.748908,0.245938,0.448287,0.931331,0.621353
validation,0.01595288723297626,280,1724,566,2,0.328927,0.139721,0.992908,0.247162,0.752838,0.244969,0.446999,0.931331,0.621353
validation,0.015642137712762183,280,1733,557,2,0.325428,0.139096,0.992908,0.243231,0.756769,0.244009,0.445718,0.931331,0.621353
validation,0.015054486105125,280,1741,549,2,0.322317,0.138545,0.992908,0.239738,0.760262,0.243161,0.444586,0.931331,0.621353
validation,0.014786131149249948,280,1750,540,2,0.318818,0.137931,0.992908,0.235808,0.764192,0.242215,0.443319,0.931331,0.621353
validation,0.01438040834364855,280,1758,532,2,0.315708,0.13739,0.992908,0.232314,0.767686,0.241379,0.442198,0.931331,0.621353
validation,0.014120749337184733,280,1767,523,2,0.312208,0.136786,0.992908,0.228384,0.771616,0.240447,0.440945,0.931331,0.621353
validation,0.013626331001408616,280,1776,514,2,0.308709,0.136187,0.992908,0.224454,0.775546,0.239521,0.439698,0.931331,0.621353
validation,0.01335806673000505,280,1784,506,2,0.305599,0.135659,0.992908,0.220961,0.779039,0.238704,0.438596,0.931331,0.621353
validation,0.012516902513490365,281,1800,490,1,0.299767,0.135031,0.996454,0.213974,0.786026,0.237833,0.437831,0.931331,0.621353
validation,0.012970673505308773,280,1793,497,2,0.3021,0.13507,0.992908,0.217031,0.782969,0.237792,0.437363,0.931331,0.621353
validation,0.012007639503264228,281,1809,481,1,0.296267,0.13445,0.996454,0.210044,0.789956,0.236931,0.436607,0.931331,0.621353
validation,0.011777235824302755,281,1818,472,1,0.292768,0.133873,0.996454,0.206114,0.793886,0.236035,0.435389,0.931331,0.621353
validation,0.01160709394546335,281,1826,464,1,0.289658,0.133365,0.996454,0.20262,0.79738,0.235245,0.434312,0.931331,0.621353
validation,0.011332518879656908,281,1835,455,1,0.286159,0.132798,0.996454,0.19869,0.80131,0.234362,0.433107,0.931331,0.621353
validation,0.010962725024273326,281,1843,447,1,0.283048,0.132298,0.996454,0.195197,0.804803,0.233583,0.432042,0.931331,0.621353
validation,0.010627917377838478,281,1852,438,1,0.279549,0.131739,0.996454,0.191266,0.808734,0.232712,0.430849,0.931331,0.621353
validation,0.010228165516627414,281,1861,429,1,0.27605,0.131186,0.996454,0.187336,0.812664,0.231848,0.429664,0.931331,0.621353
validation,0.009773980429141155,281,1869,421,1,0.272939,0.130698,0.996454,0.183843,0.816157,0.231086,0.428615,0.931331,0.621353
validation,0.009420267862371759,281,1878,412,1,0.26944,0.130153,0.996454,0.179913,0.820087,0.230234,0.427441,0.931331,0.621353
validation,0.009115444129624263,281,1886,404,1,0.26633,0.129672,0.996454,0.176419,0.823581,0.229481,0.426404,0.931331,0.621353
validation,0.008846024885929251,281,1895,395,1,0.26283,0.129136,0.996454,0.172489,0.827511,0.228641,0.425242,0.931331,0.621353
validation,0.008524659917617316,281,1904,386,1,0.259331,0.128604,0.996454,0.168559,0.831441,0.227807,0.424087,0.931331,0.621353
validation,0.9741536443998768,38,14,2276,244,0.899689,0.730769,0.134752,0.993886,0.006114,0.227545,0.161017,0.931331,0.621353
validation,0.0082841656667053,281,1912,378,1,0.256221,0.128135,0.996454,0.165066,0.834934,0.227071,0.423065,0.931331,0.621353
validation,0.008127505290352013,281,1921,369,1,0.252722,0.127611,0.996454,0.161135,0.838865,0.226248,0.421922,0.931331,0.621353
validation,0.007733695249026818,281,1929,361,1,0.249611,0.127149,0.996454,0.157642,0.842358,0.225522,0.420911,0.931331,0.621353
validation,0.007431399746547723,281,1938,352,1,0.246112,0.126634,0.996454,0.153712,0.846288,0.22471,0.419779,0.931331,0.621353
validation,0.007110254577202392,281,1947,343,1,0.242613,0.126122,0.996454,0.149782,0.850218,0.223904,0.418653,0.931331,0.621353
validation,0.006931176687889044,281,1955,335,1,0.239502,0.125671,0.996454,0.146288,0.853712,0.223193,0.417658,0.931331,0.621353
validation,0.006774008072864004,281,1964,326,1,0.236003,0.125167,0.996454,0.142358,0.857642,0.222398,0.416543,0.931331,0.621353
validation,0.00628387507463295,282,1980,310,0,0.230171,0.124668,1.0,0.135371,0.864629,0.221698,0.415929,0.931331,0.621353
validation,0.006486541958434706,281,1972,318,1,0.232893,0.124723,0.996454,0.138865,0.861135,0.221696,0.415558,0.931331,0.621353
validation,0.006129062654055667,282,1989,301,0,0.226672,0.124174,1.0,0.131441,0.868559,0.220917,0.414828,0.931331,0.621353
validation,0.0058613535839962035,282,1997,293,0,0.223561,0.123738,1.0,0.127948,0.872052,0.220226,0.413854,0.931331,0.621353
validation,0.00572272219099511,282,2006,284,0,0.220062,0.123252,1.0,0.124017,0.875983,0.219455,0.412763,0.931331,0.621353
validation,0.005412722471014046,282,2014,276,0,0.216952,0.122822,1.0,0.120524,0.879476,0.218774,0.411799,0.931331,0.621353
validation,0.005176100778286882,282,2023,267,0,0.213453,0.122343,1.0,0.116594,0.883406,0.218013,0.410719,0.931331,0.621353
validation,0.0050340016942639985,282,2032,258,0,0.209953,0.121867,1.0,0.112664,0.887336,0.217257,0.409646,0.931331,0.621353
validation,0.00481521034859855,282,2040,250,0,0.206843,0.121447,1.0,0.10917,0.89083,0.21659,0.408696,0.931331,0.621353
validation,0.0045977340893189386,282,2049,241,0,0.203344,0.120978,1.0,0.10524,0.89476,0.215844,0.407632,0.931331,0.621353
validation,0.004308164355782502,282,2057,233,0,0.200233,0.120564,1.0,0.101747,0.898253,0.215185,0.406692,0.931331,0.621353
validation,0.004097867609674303,282,2066,224,0,0.196734,0.120102,1.0,0.097817,0.902183,0.214449,0.405639,0.931331,0.621353
validation,0.003927002096650245,282,2075,215,0,0.193235,0.119644,1.0,0.093886,0.906114,0.213717,0.404591,0.931331,0.621353
validation,0.00377884090520321,282,2083,207,0,0.190124,0.119239,1.0,0.090393,0.909607,0.213071,0.403664,0.931331,0.621353
validation,0.0036577230371253925,282,2092,198,0,0.186625,0.118787,1.0,0.086463,0.913537,0.212349,0.402627,0.931331,0.621353
validation,0.0035511340322037393,282,2100,190,0,0.183515,0.118388,1.0,0.082969,0.917031,0.211712,0.401709,0.931331,0.621353
validation,0.003441530923406978,282,2109,181,0,0.180016,0.117942,1.0,0.079039,0.920961,0.210999,0.400682,0.931331,0.621353
validation,0.0032079785636955223,282,2118,172,0,0.176516,0.1175,1.0,0.075109,0.924891,0.210291,0.39966,0.931331,0.621353
validation,0.00295848925769788,282,2126,164,0,0.173406,0.11711,1.0,0.071616,0.928384,0.209665,0.398756,0.931331,0.621353
validation,0.002820337559885072,282,2135,155,0,0.169907,0.116674,1.0,0.067686,0.932314,0.208966,0.397743,0.931331,0.621353
validation,0.0027328416849618565,282,2143,147,0,0.166796,0.116289,1.0,0.064192,0.935808,0.208349,0.396848,0.931331,0.621353
validation,0.0026156358153127785,282,2152,138,0,0.163297,0.115859,1.0,0.060262,0.939738,0.207658,0.395845,0.931331,0.621353
validation,0.002501297854846035,282,2161,129,0,0.159798,0.115432,1.0,0.056332,0.943668,0.206972,0.394847,0.931331,0.621353
validation,0.0023345811625623217,282,2169,121,0,0.156687,0.115055,1.0,0.052838,0.947162,0.206367,0.393965,0.931331,0.621353
validation,0.002185562457193927,282,2178,112,0,0.153188,0.114634,1.0,0.048908,0.951092,0.205689,0.392977,0.931331,0.621353
validation,0.002013402674787256,282,2186,104,0,0.150078,0.114263,1.0,0.045415,0.954585,0.205091,0.392102,0.931331,0.621353
validation,0.0018755524554885474,282,2195,95,0,0.146579,0.113847,1.0,0.041485,0.958515,0.204422,0.391123,0.931331,0.621353
validation,0.0017196926456046894,282,2204,86,0,0.143079,0.113435,1.0,0.037555,0.962445,0.203757,0.390149,0.931331,0.621353
validation,0.001576637207884829,282,2212,78,0,0.139969,0.113071,1.0,0.034061,0.965939,0.20317,0.389288,0.931331,0.621353
validation,0.9777130706714717,33,10,2280,249,0.8993,0.767442,0.117021,0.995633,0.004367,0.203077,0.140905,0.931331,0.621353
validation,0.0014468967809733114,282,2221,69,0,0.13647,0.112665,1.0,0.030131,0.969869,0.202513,0.388323,0.931331,0.621353
validation,0.0012251460165145058,282,2229,61,0,0.133359,0.112306,1.0,0.026638,0.973362,0.201933,0.387469,0.931331,0.621353
validation,0.0011257776441130879,282,2238,52,0,0.12986,0.111905,1.0,0.022707,0.977293,0.201285,0.386513,0.931331,0.621353
validation,0.0008933359874804723,282,2247,43,0,0.126361,0.111507,1.0,0.018777,0.981223,0.20064,0.385562,0.931331,0.621353
validation,0.0007726725141521955,282,2255,35,0,0.12325,0.111155,1.0,0.015284,0.984716,0.200071,0.38472,0.931331,0.621353
validation,0.0006540292554731039,282,2264,26,0,0.119751,0.110762,1.0,0.011354,0.988646,0.199434,0.383778,0.931331,0.621353
validation,0.0005189058159191414,282,2272,18,0,0.116641,0.110415,1.0,0.00786,0.99214,0.198872,0.382944,0.931331,0.621353
validation,0.00035269982039680604,282,2281,9,0,0.113142,0.110027,1.0,0.00393,0.99607,0.198243,0.38201,0.931331,0.621353
validation,0.00011984084909275004,282,2290,0,0,0.109642,0.109642,1.0,0.0,1.0,0.197617,0.381081,0.931331,0.621353
validation,0.00011984084809275004,282,2290,0,0,0.109642,0.109642,1.0,0.0,1.0,0.197617,0.381081,0.931331,0.621353
validation,0.9849225754627696,27,8,2282,255,0.897745,0.771429,0.095745,0.996507,0.003493,0.170347,0.116079,0.931331,0.621353
validation,0.9891217941671125,21,5,2285,261,0.896579,0.807692,0.074468,0.997817,0.002183,0.136364,0.090988,0.931331,0.621353
validation,0.9935440029138262,16,2,2288,266,0.895801,0.888889,0.056738,0.999127,0.000873,0.106667,0.069808,0.931331,0.621353
validation,0.9957444649090722,8,1,2289,274,0.893079,0.888889,0.028369,0.999563,0.000437,0.054983,0.03518,0.931331,0.621353
validation,0.9999952968850759,1,0,2290,281,0.890747,1.0,0.003546,1.0,0.0,0.007067,0.004429,0.931331,0.621353
validation,0.9999952968860759,0,0,2290,282,0.890358,0.0,0.0,1.0,0.0,0.0,0.0,0.931331,0.621353
